_id,finishedAt,gameLobbyId,treatmentId,roundIds,playerIds,batchId,createdAt,data.targetSet,data.context,data.feedback,data.rotateInterval,data.justStarted,data.speakerQueue,data.currentSpeaker,data.activePlayerCount
eYSrAKh9knoEHcLid,2022-10-05T18:41:58Z,eYSrAKh9knoEHcLid,kDnpgNxCpCTo6aHS4,"o942zbNtBucrKLGwh,n3odostskbWiMcakw,yXPBkE4623r4nksjS,aWbAumZxAmT9XSTok,NxQh2gF3f4uxmRkwQ,DPQCC3hXnaGuJ6afy,4XJ6RSZhBT7PE2Dvc,2Fe24Hp94qh9bAe87,tX4jjNEYLWgTstvfC,j3z656F7E8CfnPu34,K6zSvMYCzJYdAB6ya,429LZHsDMyfupxD3Y,cYijngdNNxHXdeRGu,iLujFZhALu9FoFAtw,FJpff53jpeucHojbE,FddSfRaf8GermP64X,ubFSzW9zNXf2z9C6N,diPFhdbbv3Rgk6dK5,ofHdeLszekrQCMxDX,8HzgeC3QghLKFWRoH,4ypBg8L3ARkdeNXFF,jJ9MAo6xQNgbhkup9,HmN9nwxMSgKHyx9JL,XdcBTF7et2L9KPTsa,ZdKvT9EatFpEQSffu,GitejytWbatEXj3oh,BLyEgsyaKuZ5Z67ft,GkvmzucntgAawXsGP,hr5nDerBQMEav2dJ8,9QQmJ3BfCTAKCAtgK,RYYNKCvgvfFJMMPsj,FqBFi4RA9LvXspswX,8cBDtxoAjpi2YHJmH,ok6gnxAKpgaq7mj5C,64h56JCMXxok9REKq,b8M9rX8ysotmLp2Ra,qLP4Z7hnCo4DFzm76,vTDRYqCejH9kfBmg2,W6dJJ2xMmEQ6x6NWg,yFPJB8wgbQHqRCrib,t8Hu67J3Qb7vdhjM9,p8RkenZABSQ6FMhuN,ju9MLpa6xA6g2nHp2,NM7rPaPMFTpdazSGm,pdqWmahNpcR23TEix,L8gTJotgmzBdir5ps,Mwkt7NCAsDjjKW9xb,CzDn5Lkwsjdi5Modw,q9MZZt2tswiuh4Wya,wqpPAnHnPjSQwSNTo,RXGyQvJQqMLbX8qit,8hRizMSJPFf3isnyf,6X3fpGrnBvWBpjCxd,89oSp9aTLGXwJ7tAs,Mo8uyCPaQxtCvq4N7,AkQibhXchakeYvNKJ,EWY4F2b5mLR4EQu9Y,CT4XcpCHRLaGbBewE,qy32nyw4oYuRoQnwJ,y6kKQtGpnf8DMGRjn,AvkapLGEz2DLZecyL,rF8xiDRJuFc8G7oaD,E6KYtaDw5mqW7ozAL,iyLHvygLasHEHhPcv,SByLJnE3Bbsd83bJ4,5cTuWMzrbLSH9tdzr,xhWgpWRaeiF3wXm8r,7G2HcuC8JDXD3b69P,7hEkqupTdJcQX7mLW,cvmXk9Nax4hQbYAZR,Ahp3uBXZyswAtQBqP,Wt6GvXppbtjpwESEQ","HHqGTb33iPKK3i9wQ,SXW77YEGhycPnoauT,ffcRBtuyjYE9Bydzb,mMkdNCbkNosrcwQ6M,sxCt7otG3zh2kDkq6,w3HQi9k6Pqn3b8xcQ",tXc9x6Pbgc8RL7P6R,2022-10-05T17:43:04Z,setA,"/experiment/tangram_A.png,/experiment/tangram_B.png,/experiment/tangram_C.png,/experiment/tangram_D.png,/experiment/tangram_E.png,/experiment/tangram_F.png,/experiment/tangram_G.png,/experiment/tangram_H.png,/experiment/tangram_I.png,/experiment/tangram_J.png,/experiment/tangram_K.png,/experiment/tangram_L.png",full,12,false,"ffcRBtuyjYE9Bydzb,SXW77YEGhycPnoauT,sxCt7otG3zh2kDkq6,HHqGTb33iPKK3i9wQ,mMkdNCbkNosrcwQ6M",mMkdNCbkNosrcwQ6M,5
QG9fkFCXKj6g9mjR5,2022-10-05T18:58:17Z,QG9fkFCXKj6g9mjR5,kDnpgNxCpCTo6aHS4,"f4ndfkWuNxgtMLZfq,EzuEjXoBujiABKFiJ,BpMAziW2RxPeXW2cn,swpYLG4KC9Mtaoaqe,TiS7QNQmXv6PeTxF6,fsHNEazC2WyDZ8SgD,ar82GPWzEhJh8Mt3C,9qRXfYpzaXJvAqCbq,K5E3Jpi4JBX7mMBQK,g4ywczHvWhQY9riwn,rHiaT9dBr7ys7aYYv,y8pnNkKxrpJt8MqJN,vZvnH6wSuaGMMwDK8,uZcJrh8cNNtmfsyMm,ZEsejeAPvgCknfbGF,f8nNo9riD8W4KZeJe,sCF2zcW3ogzGiaNRb,DvWqfQaNMZfp2X3Rn,ngj2LAes4v69owMiT,FZZfLMx9LEN7JWSEk,k9gYHawq7SNeBpmDW,yYv8sDA37Z4opNDyj,GGd25FEoeYjPtQPBh,H7TSRRdjYhtqLRMo4,qZGqvL9rq2Ge5Twka,tA2Wgk4pPKkTM7si4,8uok8ukvZhaoEFqA8,BSbtxih5ALuapFHo7,TxrQKEbmbg6LXjQf7,CCcEmP6AohDYXDjiC,jzKtGkyQNjBYgL53j,9sj6NKR2YBNdfRTKa,idzqjtqAMBa9h3ea2,MHZz8nv6coQeJCzLW,nxs36dCQ4CDdxwtxs,uCrGPJyBB62pLtJA6,gjffvHgoTuWj5GAW6,64mGqhsw88Re26xwG,6BhMosxMEknL6jvNi,FoHDAB7JWskuFBKz9,NtZgD7tGXyKrwRXkG,QDThvoRctmTTXMxmF,HWMGWEAYiGT2BZJM4,nBp8MJZie4TrvYNSJ,cGZn49yo5AdThMcgx,97zCffK2TEALSk5zC,9u7o68WLHszqk7Arn,qTDj7fKYCZ6ZqhbMm,PC2B6ECydDtWtyzdA,pj6uRXFfvfSG3jNb6,v8BzjZS2pPEeMxQrP,iB7cDhRrrWZveJnTg,RupLgLEpq4DBcX45Y,8XfrGFwBxoJPactmf,bkR9fxhvNznH7HFZo,YNXpM9rCqH9qFxPCH,FhKvgpckEh4YbJpFs,MPvLkYaEYNsc2wAg8,LoE9sJPsWBmsfjoiy,8MMuxcZhexwtssBBw,pN3PqAfefeP6Aeo37,u75jyyeXiEh5LTPDj,eo5bWziupv4nneLXA,mH7cTouqRkQWH5tpu,WmckzoTRADQhoW8qG,6RfLy4LseFcfm3pxm,GMXBkhqRTo8innWaa,yASyFBxPGCNAY85ww,M3nvSoHyPv48XT4Ak,rDSBXEzTrW9juFoEx,ZPuLMG98BGAi9fENK,cgpPo8trY8maAQmiy","6dv6K8Q6C7Jm9oEpc,GosvyHAPf7ornqhYE,LCTXMriZBAJCRBgSj,RvmR32F5pkjGDKbX6,nsxqanAbQM2P8ua4m,u3bWoHe66Wu9yh7ka",pGtCJ5QJfDLF3Q4Ae,2022-10-05T17:44:11Z,setA,"/experiment/tangram_A.png,/experiment/tangram_B.png,/experiment/tangram_C.png,/experiment/tangram_D.png,/experiment/tangram_E.png,/experiment/tangram_F.png,/experiment/tangram_G.png,/experiment/tangram_H.png,/experiment/tangram_I.png,/experiment/tangram_J.png,/experiment/tangram_K.png,/experiment/tangram_L.png",full,12,false,"RvmR32F5pkjGDKbX6,6dv6K8Q6C7Jm9oEpc,nsxqanAbQM2P8ua4m,u3bWoHe66Wu9yh7ka",u3bWoHe66Wu9yh7ka,4
47tccL2hHpmjgZT8o,2022-10-05T19:11:18Z,47tccL2hHpmjgZT8o,kDnpgNxCpCTo6aHS4,"z2r9jkiWCmqY3TSvK,D4Coejb7Rq322XsrC,9ehevZuCJLEZSZdfz,j82BdMxLThXAN9aNw,8CiAd8WH9phenye5f,H4pr8SSZRZRG4irvw,sdRADeEitaedy46Xj,MZdky4ATR8Wm2ye3E,HQg7qFnHpZirY6RXJ,7fTMZ5Fu2CSsQPfCA,RmzZAvdPH9cZXP7WQ,p2dfQLgr9Z7wta8oL,bSf69WyKLMB8urEDC,tmCvbaPSAaGofGwzD,Ee5K6FfykEGCPjbLk,CrHJFEYgHcidpmwfz,ZWAAABL3ozgPsXMSY,geMFZKHj93HQhYzHc,FPwnThJFbro2G9fhC,xTbQTibCc5S4RHifL,p9F9oiTQcPGctKsb3,ESxzrBRiLGB8XTxpv,iBiFbQjwkmT4W9Zia,djib3wrQJYDGZBd55,Na6naAQnmQZqXES67,veqFubhBTi84QXSoo,WRc3u6k2qTQNkTPPX,N2cMBSRJyFqcymdEM,TXgugs3oauJuwZhvz,n3m4Nv4pYRLsTisgr,3QRXyuLuoAqSeFgH6,XoEEKBBiXctqgWToM,cyigjuR8o2CaSgHnD,pdqZJrHmFXRcN33JZ,tnfiPxtTX5Pd9NhoX,gFtk4qKXT5uT5dZhf,T8ZmK7SM8P5kfMJNA,RtykRcTpooX5PDgz9,WDpG57FWnLWXBPxfA,92pPXqqm9W4h3jNoi,CJQNAzhG9mHSXqr3a,HcWZ6TSYnEwwQZT66,ScbsaEePqTmQHRjFP,nkHEwPZTx8KsDviiz,dh8AjTuEWYLFhc7NA,shzb8eyC2rNvezmKb,XZJvurZJyCjXLgX6o,TSKkDzyAN5M3zNxGk,ZpHyqoQy7AGw4cADD,ZsnjCXcwnpzA8gSxw,EorK3jtqaSiwHjs8y,AG2ewdRWDN4aupi7g,pyRSazmPNmqvgrGtj,7d9RF6B5eRb6tJQ8n,ezxLkB2DJT4tnfuBr,kDiRC36bmqTFn9nzi,doRWB9cjRdEGxuW6x,jruo9iGkFqQWr3g44,fXgTvMHoSsZMXkuAb,vQcWfeRocNi6Jxcdu,i53kjN56tyRSmhkRu,YZoqZy8qTWzFPBQwM,QxAs5im8vyKssWerR,ujPnLpn4enqzEmcEr,kD86yhAfPTMsP22rW,6vA8uHcDv7bAxyKmG,akmYiooTxKmRGJEYj,2ZZ63DfqoqQmtjehA,CNynNLskERcRF2MBT,LbixNJKdu6dmtveJB,AGrAjvsZ8PzxKqxTw,xW4qx3AxFBjq9Z7Tu","EvFdP2G2k6NiphcPW,EyeXbg7iiPMTGKqLY,KShfniaCs549J8Cdf,PRastQwv3qZGpqyGD,SrQC27xLPE3vw8aJF,pGivC8yMyTenScyjw",opbWSdGG976e6ZYrL,2022-10-05T17:46:36Z,setA,"/experiment/tangram_A.png,/experiment/tangram_B.png,/experiment/tangram_C.png,/experiment/tangram_D.png,/experiment/tangram_E.png,/experiment/tangram_F.png,/experiment/tangram_G.png,/experiment/tangram_H.png,/experiment/tangram_I.png,/experiment/tangram_J.png,/experiment/tangram_K.png,/experiment/tangram_L.png",full,12,false,EvFdP2G2k6NiphcPW,EvFdP2G2k6NiphcPW,1
idfdowLZKpkzB8ypa,2022-10-05T19:04:41Z,idfdowLZKpkzB8ypa,kDnpgNxCpCTo6aHS4,"aD3cnHt6GftJ4d9ux,z2YuispgyqoqMQYiR,j6yTpWK8yLPkeAeyp,25MZLcAF8WBz5zeWZ,KAnqJB75e2MNGXgQN,9o5fZqv8j3bMcSmbg,EzmXs9qb49DedZmmu,ZYqDf4HjWr2N5o4Zz,e8dWyNXGQHoNGswWQ,fHcLPoDWsKRuoTpMN,ZKNREc8NpEQM5KeH2,PdR5DAd2kCmSN845r,3Bsbw2HWn6SExLEfw,q7kpxttcaMDfeTSoT,qfdPM6yx68BqaKEF7,YxTBdZB78pfgLHddx,EbKpDfRDqvpKezeq7,mRQPDsM2JzLDhaR9R,7upoYvG5f8867wEHJ,QARKaxJ399yGmgJHh,CaT7y26gAwotJyNKq,E6tDsoBG7QwhpxfsG,FtY7GaHttGuTGa52p,ecSt5dkEtfhXgz4q6,BbG4Krnwbyx9Q3Ymt,Avgh42rPB9sS9HoAP,ED4uxoD5LF8bC5JPP,i9p8Nsm2Mh23n9q8T,D5KSiencumKwZi6uS,jDmje4gBnjhfdfiiB,YeguRKS5LaGgPgNhn,PecFanMPC9k7YajYc,XFBEboBtZZBP4RoCM,vE9CiB42SzJNzrJw7,i93eADsjNWJbH2NZd,nRbGeDMaeP5hXxhbq,jLEcdAHsNtTY5jk7b,rRFzBpsSsbePBiZja,WKSzr4sqfR3gWoe25,oLZpMxTh3gPpxtJxt,bEY79yrZESANXpbMP,BYgKDexDCsEsF3cSn,nToiLtTRywdsBJC9H,wJMTSDYxxegnCcaoZ,cHJLhGvHmgJyAggYT,3jKxkoZEpaCE5bNHM,mKSLjt64c3nChGGFJ,W9ffGAjYrtCmfDMSH,J2vMvnsZL3kYgBcgY,PsMqofuH9hMGFb7e3,KDJg9inQCesas9YLw,N5jCqzgcscDcSZdkj,iTDRJJW8CT2aM9ebc,BpYY8g6NeFoAuQWMv,4RKTAwJkA5JoFC56a,9iwWAA5NuWLFRDG5G,pDiwWfzQ2F9cEyFEj,xf538W4RRLkdr5nTy,5iRwNg2ns6mr6XeSX,TG2vzx6EHWqeoDA5Z,WMhdAqm27f9EkRWH2,e6zBcBKLLcKRRTTuZ,ufytrM4LLnhykHCh2,bJkBGYe5YfnSDcYmY,8mxYGfSkZ7u9AtiZC,qqyJw5zEWsw4Mntkq,ZZqrDMbXRuvg4ZrS5,Fxbo3i8QewHhfwXcW,p9mZm8a9rH5fwciu3,2Rc79e2ctzw49Qr4r,EgDfHv7uS2PSN6jyz,aPi5JxbhdQM5kBeeb","3pEwAG2LYPGQyL2d5,TBeeYmzuYM6Tjf43b,hWLbCy7ApJfJBtYmh,jGAj7CJ4vBg2yTMiu,oYQrK76yk2ZH3nkqZ,unsmNBHoZYw6urtFq",XQJujBhzfrB7z4uh9,2022-10-05T17:48:26Z,setA,"/experiment/tangram_A.png,/experiment/tangram_B.png,/experiment/tangram_C.png,/experiment/tangram_D.png,/experiment/tangram_E.png,/experiment/tangram_F.png,/experiment/tangram_G.png,/experiment/tangram_H.png,/experiment/tangram_I.png,/experiment/tangram_J.png,/experiment/tangram_K.png,/experiment/tangram_L.png",full,12,false,"TBeeYmzuYM6Tjf43b,oYQrK76yk2ZH3nkqZ,jGAj7CJ4vBg2yTMiu,3pEwAG2LYPGQyL2d5,unsmNBHoZYw6urtFq,hWLbCy7ApJfJBtYmh",hWLbCy7ApJfJBtYmh,6
6ikro5aNu98qHGGFL,2022-10-05T19:29:00Z,6ikro5aNu98qHGGFL,kDnpgNxCpCTo6aHS4,"HotHBNpdEzPuvaFya,fNoC6xuhgCQorKNuT,PAvQebXQGqNcbJBrL,rMvM3vEAtmMAXkL6p,SSWCyxNgADMuFonHX,sJYFaJPpBGbo7kEcw,WfmJ65GLzz9xZZd66,Zp5yzrZr2DvsomtTC,Ae7d5fnsyvsFqDwZm,uPWkqsirHbteH6fkF,MDs8fLee9G9j8K9QJ,kNmHwe3YZd3RBNfqc,B4q9kteYKZR748aGZ,as57MYCqbDbwWHY7b,7k2Sz7qcqgF9MPTpZ,9kDj4kbmixpCfoKje,v8TxFKxJRFP9nrSYY,Qh3sfBEqG4PyEFpyB,SYYRjyHWYyoZjGQqx,CxqtP777xnLh9G8bA,MwH3wsMMEP3ZDmRJ2,2BtgvKeR4ZsPyyobE,eKqe2ESsBiL8Yi6Rc,L3qbcREdp2c5adNpW,FNmNWm9WoetveHJJr,3a5CM5C3t8XuPE7M8,wFBgig8XNque2phwf,iX76y5WRTL9vFPWac,jthThn3JA36CtKisA,7YtfnpvoiDBmzSAjz,B4rJBv8TAydbgphw8,AZMLf3THkBNWW6sGR,34pgp4PCF8m6H28Qv,TswdqTMZZPYcWBDyL,h6LSnS3bpye64Hebc,ZvLiQx7knFJPraKLo,fJreMDGkFXr2d2t2N,pwEuvKSgm2r44mR9K,z3kw3SG3XTwjwjQaR,E4t7zdAhsNSaFhpx5,sA67FH5rFjPacw6Eu,LwcjLcss5qvn52Aah,ueM3PQ9dDtRECdjLF,RSSGd7DqWghtweG57,yaTErzCykqRB9m9GX,gcewqW8BBEEhqAh8j,sSzfaj7HENYPaf5Qz,KTQstqMu4zi8YzEq7,KG76C3RSyTHMA6ado,F53ALJLuyLYfTYMLW,AXFFT4d4miczu7dbt,cnj5GJeYkAxb2Q94Z,JcLtErHmG97LoQY7T,MBKZ5jEdKuonccei2,jn4S9AX7Xqo3po7Ss,PoeHAGHJJr44bSDyK,sEKAr6geHc6smqh8K,rmdbNXsBQ6HxMDHCd,xhWmuetcjB37hHXWT,5SuTePv85B4MuisSQ,xcj3Mj7gzYGjJnnpE,NSY37rEvrhPXed6Xz,kayLjr9XpLf9Jpwfk,dorxccw8PnzWDejGX,9MjzAmXK799zzY6cM,bxYGekiAPybKL7u96,oHKRFQMoNJDYFeTLm,S4Cz8G7mCyBddMqHZ,HiZJZKQKTvwpuwCDy,KXfYwywQAJAxxz2SG,Dh49RNKxpPcJMYm7s,afc9Zrmv5HJ38oNig","Mm4ut74JJKd55WcMT,NeeLki6vCQP4BXAQp,hAdADRmA7JMbRJRrb,pjjBqM9hbpSxtFPhF,zekWWK6uxdp76vYde",iei34rykdXmDuzmLr,2022-10-05T17:55:05Z,setA,"/experiment/tangram_A.png,/experiment/tangram_B.png,/experiment/tangram_C.png,/experiment/tangram_D.png,/experiment/tangram_E.png,/experiment/tangram_F.png,/experiment/tangram_G.png,/experiment/tangram_H.png,/experiment/tangram_I.png,/experiment/tangram_J.png,/experiment/tangram_K.png,/experiment/tangram_L.png",full,12,false,"pjjBqM9hbpSxtFPhF,NeeLki6vCQP4BXAQp,zekWWK6uxdp76vYde,hAdADRmA7JMbRJRrb,Mm4ut74JJKd55WcMT",Mm4ut74JJKd55WcMT,5
z5DaZsxjede62hRm4,2022-10-05T18:00:53Z,z5DaZsxjede62hRm4,kDnpgNxCpCTo6aHS4,"ycgFLqzsRBmwG35Zi,ehtMnKmsfpFK7wx8X,2gNx56JTp9bRhZMdF,FqHK7scBD5KYQCvqz,RZnGqgxbGBsfL4PWL,HxP8rNSBhm8NHrEak,vjqpBHH3ohDBrTqtu,YfWmjW5aLuE4nRiJ3,bDCSGF6hppb3jQ9cj,33yvYaaLeuJQZToeX,d76aPRo65R24bwAsi,iPw8cwewTur3JJuEk,b46JM9dNSugtjB9zw,RbouvBzgBDeXvxMRb,rD5oXGQZPZScb9yrs,gn6AsJPxKD4EjQLLs,vbj5RwqmLnErMjory,7RtHNaMrrjXbKQeRp,RHPmAdJaWPTpgBymh,NS9aqajbYckKJCdk4,o5mpsq5WtQ8opQBbD,uiAcPTbtFQ8yDALQ7,rjAQjiqfLAhRz2r8C,22CeeqvSof7NNkDcW,SvdLv5LvKsbtjH9mX,nwmSLSvkvrvthjnWY,JEsALLijWzxTxqPiv,FYb78peLmeWrxcwLE,amN8gQpMB9hsCNQCn,6m8rqsY2PT5ahXTHD,Hx5hbNwhLZbWG4nwt,iMRuA9K8Cr7zvf7Qc,8XW9H4rLQTduxjuCW,ZCHfms5CJnsuBGKGs,v5MLwnavt2MwFqHWz,noFXrWSnjNQTYQNPt,vYmGRLenhn4zWRZ9j,HteFDA5cgF3XJ8GTr,6YsGhBimypDM5JR6q,q3aaMQHK7BrtGtczo,CNpCsL8ndZq7xQX2Q,Tg3ziQqs4edfsAsDP,MZwzk2pgiqTzaY499,7WQg3EwqGskT85dvn,exkbMo24b6obS24LE,KpKK68k3np5jWwRhr,dq9w4kjnf4havRaZo,tpWwqreQnRfNJRwoh,QG2FwszYMMhCr9Dsi,Y7q5NPHvvj5TF4w8X,M49TyuYtE6rfGhPPA,RaNjo9QMWmnvoX9ML,4xX7GqjRYyigurC98,6oaH5jGnKekzvG2QX,qTv3F5iD6K8dmseR3,rYL4i6hK8o2SEAvNw,ohXHCiPWA342nuxJb,qQ38LJN4KrJsCemfv,GDjzo3RQmFCi2YWQe,CK6SxX7CtvdkFkhgb,5xurCniP6QbYm2oso,jqnLZqfuRNAQuXsnb,DqSMe3WdkLM9tRktg,qiyb9tTx8ZWkSM63k,9pietTPCAyZEz3JGK,dpCY43g4jTfXb9SkE,A9zne2cG5kjPavo3J,t5pCis6jjww5v6ueY,RnAY4R9YzEwzXfRjZ,yMDH8iHFfJ45LnZBX,Ha6zoDh7shnHwHtnm,KNi3TG66m5JGZusnk",brd4FR23p3pHjkrza,uMdBpAuYXDTt6X3Jp,2022-10-05T18:00:53Z,setA,"/experiment/tangram_A.png,/experiment/tangram_B.png,/experiment/tangram_C.png,/experiment/tangram_D.png,/experiment/tangram_E.png,/experiment/tangram_F.png,/experiment/tangram_G.png,/experiment/tangram_H.png,/experiment/tangram_I.png,/experiment/tangram_J.png,/experiment/tangram_K.png,/experiment/tangram_L.png",full,12,true,brd4FR23p3pHjkrza,,1
HM6dAjNLzKEDkYStf,2022-10-05T18:06:11Z,HM6dAjNLzKEDkYStf,kDnpgNxCpCTo6aHS4,"sahopJ5ZGvLS8Kd8k,bupziQtwtGnC7kGmM,Gi9R5P2KcwW6boK8X,eqrkDtMYQYAxccWkF,iixuMZCHm4D8cGSdY,LuntQnMkymJW77X6R,DtnhNH3c59ogRrJ4W,ntfm62gsmkhouGYWA,DS6bxMQMrqywQSajQ,RzeRoCQztbnLLP2vL,GyBnoXhx3WazEBT8y,ao757NCb4n2icoCxq,rpF9uExg5qLHaxR8R,A88fPB3bqL8ZWz2TJ,QnjSam9hzh6mDfu2G,EfxiJAaDAc6tqRKEr,L7gRq7YH2rXxcGeDw,i7CbydDbdfYdzWkek,AADN6Jm2s5MG3SQiH,Lg5pSA7By8qhzSPzZ,CGTeyD9EyLJCqeZZh,LJit5N2uBvEvjZhE9,DD4getaeTnXWEaCYT,RJiQxL33Pr652N3Ze,TZKKwtBNbrrHH3Eue,ccsDiP8fGTkpJo8EM,RBt9HdWHWxtXmKHYW,nw2Hjpzbp7o6LhBmx,wRoSHtYD8JFcLpmyB,E8wea4A84XGq3gLJP,mkFrXooELpKAycobM,g8BF3nwuihwMbt6dH,itFMDdiQJeWeSPZb3,S6EGcauRv744hJnk5,3ZL3YAvAHvnu4MuQH,4D6HMr9a6F96J4oWu,rXEqF5NmseBYjGZbs,PexfTLbD6okzFavFa,Qs6G8cQYuhM8skZsG,mHx9eDmcDxkSxL2e8,8R8HeNBkX8b39QKsK,fEP5XhneYH4XdHR8i,GtC9RK7JL6chhYWB3,dEohuSm23m7PD4AWF,K9hEZ83bGSCJRcFfS,A64Tix4Ym6sqidgmo,nD4oZXvbMN5wWt9DJ,ekKPv5Kz4dpidPbWT,rjeSBF5niyMYpdcfK,hjxBsEG3vf6kydotN,Y4Dn6R9AqE7ecgWWe,Q8Jfmor7G3NbyTuk2,WbmrPC47Xd3x4hZbK,EnMY3Ygp6SdsXNRHy,fmNHedovXFJaY3xCi,o9NGhzH3QNdy9AA7Z,pBsDgjyku7JasxAXi,kij9fs7dW8WWb5EnW,KYfxNsCiJXYRaXCZp,Gx7zMBCHe389uNBQw,BazfWu8ek8xjf7JrK,ErsYifFkr95eehvCk,5vW9aWga2Sa2SWRfK,kES2XYbmAXrkQP6ob,DYdtCKoZD8WYQQYPN,Cn5CD24LQDh7N5viA,TXumTBLPrXcWE3Tiz,LSPQgpLXQvuJXPivq,ormuXhDWQSe4yQNYN,cX9aNkh6GgaF8wz85,Tg9eHQrBZddwEC3RN,34dtgcKA6YbmPD2w2",RWKBuFfsCFbhvtoX7,ZaXezWmnhiaQryy2M,2022-10-05T18:06:11Z,setA,"/experiment/tangram_A.png,/experiment/tangram_B.png,/experiment/tangram_C.png,/experiment/tangram_D.png,/experiment/tangram_E.png,/experiment/tangram_F.png,/experiment/tangram_G.png,/experiment/tangram_H.png,/experiment/tangram_I.png,/experiment/tangram_J.png,/experiment/tangram_K.png,/experiment/tangram_L.png",full,12,true,RWKBuFfsCFbhvtoX7,,1
APb85jFMnKTvtxB9Q,2022-10-11T18:42:25Z,APb85jFMnKTvtxB9Q,kDnpgNxCpCTo6aHS4,"9QAonpdJDNBcPJaCR,HxoRCMKFaPKisyjF6,WK9ZMHufDjnncfv3t,Z7dpv47p5bA48xcBY,App6r6TzdRWx8m7Yx,M37JxoaPx5qsPXcbr,bwS4mGkyeBFAxb2iT,hAqRHxBeSMF97ZsTp,Mu4f5owhqDmKu45oD,HYRh7cvREiqa3rq5d,R9EzkqwikQwQh5Pz9,9L7ZALqqEpDvErtBm,g6GWP89Ss9ApM3GQh,JJ44a8iXKNLrBc95J,ZJc8D9Msx6XD3sBsC,N8dbZM9kmAKrF8qyt,Pr8NxfqBXM3tEoKtX,Mas2Gn9hELZt92nms,XaSAQ6NZEFxRkdE34,rARzYSS3YzJrdyBjm,gLmPaGSrN96QfECXe,tq5Qq4Bdq4T4MBEdK,Sn4nx625oDs99oPdW,SrgwbafJKfYd5Twom,JMz8gME2E6bzQpNNT,kwDofybTRBFuAFBZL,fj2K5EvRaBfaLDjb2,nkcgeHSwMAtkwHvyg,K2dbjxZTnzPAyzJrH,JwkTPc6i8mT9qBBKG,DySnuXBMzRcJKfrnb,JteP9eJA6CRA5hMws,9Npz4fDRSCrfhYsmm,f94Ksr729Y6tYisW5,63goShxG5xhEpzu57,XD7ueZgN7yjGB3uj9,uH2zc5tQEvfkmhzHY,RTxxNSKgxLk4eKckL,ep7ynFao5w5cDiQbx,pvW7hYeukAxMPYgYa,czrQq2pRQLN44wDyM,2g6jTietcA2HDLbZm,NaAAWz5Sf6G2GhnXJ,wbKeFmu7sfozvrRJW,Qqg2KMaCaPwTfC82T,aXfWbRXGQMEX8YaJc,gdWsdTDPkWKZBenbj,TTaNfnZz7YiXpo4LB,eutRvtirxZ3yWzXy7,RiNS2rAgmGocLqqLZ,oJ5AqvLHphtt6afY3,WGnpYAgk55ixtWSuP,wvmyjTnW48eY9LJiP,sNb35cqaZWarDZ6bH,nvbQf49Bfbmydx4u2,RWTKRZGgi6f8NpJYn,mfvtKYH4qXT39eeE2,2Ger594mJimMsBbe5,t5Psrs62QQoFwezBS,ueLnAByxfkveS4Yyw,SGvPSXqpmm43kEXrT,2wXPufG69xJEPtkSq,FZSNsHKNzGMD4NxCX,oKixXvDbyZLNB4936,J92LisgJbAt85osa8,mFNcX5Ta4Yw7hoktr,RiLbonRgDtSKTNpKP,DPbJyv8EBSuviFvSo,8mdy79cxQeBM6binS,NssQjJWLGZivuQE3R,RwqwTjGEH7gz3aK83,Gg2vJSdqx8fKBzTW3","8EKHajAZMvmFinexJ,Gm5YcpBQYXW36nBNY,HHzZkyCfvmJDYs6aN,gXpf5GaAbp5sZjg3N,oDQA2n8yerNovQ7MB,tdJ8WvDYhFXnnS979",Q6gxjRc4PSSobFGf2,2022-10-11T17:35:47Z,setA,"/experiment/tangram_A.png,/experiment/tangram_B.png,/experiment/tangram_C.png,/experiment/tangram_D.png,/experiment/tangram_E.png,/experiment/tangram_F.png,/experiment/tangram_G.png,/experiment/tangram_H.png,/experiment/tangram_I.png,/experiment/tangram_J.png,/experiment/tangram_K.png,/experiment/tangram_L.png",full,12,false,"tdJ8WvDYhFXnnS979,Gm5YcpBQYXW36nBNY,HHzZkyCfvmJDYs6aN,oDQA2n8yerNovQ7MB,gXpf5GaAbp5sZjg3N,8EKHajAZMvmFinexJ",8EKHajAZMvmFinexJ,6
awMBFij9Yo8w2nA5K,2022-10-11T18:49:48Z,awMBFij9Yo8w2nA5K,kDnpgNxCpCTo6aHS4,"JDNMaFRe3os28WdZH,Q4r5rLhipXa9TGwPv,wGdZoQdWcyukLXWHR,tE7TY5vjj4SJiwBrA,oDAxP82d7rDnBWtv3,pZ3bLyPhPowdNaZLf,4x6RXe6uPa7qLcM24,zPrjugTMnC2Hz3L73,mLAiECXdu8NBbjbhh,ZgaSXEvwNNEZ9Jpnk,YAvs3fa2N5Kqwo2yM,ieFxtsBSin8QMZkAy,jfWjbXz8EHGEdWFsR,Yiedfz9ngLzzs6534,oS6n7sxjiADot847g,85W77CencKfa7T6Zz,SxFXJ5h9mn8kbxFCL,gL6m48QR6iqpZbjiC,qEMq6459t8XfxATkB,tbeeh3Kdnzp9hLkQN,g3XEGyHdigSDg2aYs,cMvkHp6RKTKoWokHC,xYbcYeaQgygGigYio,iPM37xZESrKJhvWtS,DPxvqmanxq3JE4Qt7,xgoaxXvDErhYofBku,uQcktjgEW4qiv2moc,HH42XNj7Lw8BTBDrb,Y8Mi8HK8MR3zRCD4H,xcMYY6BvbZGj7JyXY,tpixympntwRAD4phK,q6GtXHSZfFxxtQu9J,pA4ki9DzdKd2A5sJN,oENuwBsuw2g5xhnnR,3b6g63WdugGbvtyos,XwecTb3Nc2uEJhmWq,NeEzLJ6J3gvur4aro,q2B82WzRxQ9f5fZ7f,MHyZDwLSvdirSpzdS,FWtsztZFPPEpQxP3Q,d2A5zxajP5m7uSjcd,pPbYSHHe2Jk7RCyp6,SaQe9cjqkWRHZanr9,N2fjMq6zNgX8iqcPH,9B6KRhm5hMEofXjBt,hHcGTa4KyBfQqBEh5,xDC9cmoWTZb5dRYib,Y9ToZ6zxSS3gEq8Gy,gbFkMnR9SAsnmj3Gi,766ejF57qMSjkLHYN,c3TvezCCbQeiRsTCk,ZsTTznriLZRgN55FS,XXanECnSFyNB8oEW8,TCMQWk2tbW3YddDw8,5He4X6KHkbfeovzeE,Nhs9bpa5GriXxuf4s,NYjrq8bnT4R23DDiL,KwW7xLho6QmRek6Ei,qfyPKHmypFoc6JnZP,uDo5akdqo93eDzmvG,47CXJ5To5F5uhEGPD,PKAGHqbRYSGCxtij7,Ftd7aB3LhLhGWChWW,RWTe3BAiP4w65Zdhr,n7p2kCNbjiWQfknLX,iP3mq6YbL48LBPAqd,f9c9Y3CYwaL9w6b3v,ERP3SqeiaG9dZiehk,6qPT5E22gYpJbM6xm,ERM78QdjiiSrr2rQG,ivT4Y9DfG2JXQPTSE,iESJDvYZYJYTkah3D","5gu2PxNMofbCYiqjN,63E6PC5nPu8qbghTu,Jxw8YKCvrY5JEaNk7,n4CLNh9fFCWEgBEQD,tFxPDpxwB3TJg5B8c,trsYnbZuNQG8cAMZq",kAFfrjrFJY39Qfmi4,2022-10-11T17:36:46Z,setA,"/experiment/tangram_A.png,/experiment/tangram_B.png,/experiment/tangram_C.png,/experiment/tangram_D.png,/experiment/tangram_E.png,/experiment/tangram_F.png,/experiment/tangram_G.png,/experiment/tangram_H.png,/experiment/tangram_I.png,/experiment/tangram_J.png,/experiment/tangram_K.png,/experiment/tangram_L.png",full,12,false,"63E6PC5nPu8qbghTu,5gu2PxNMofbCYiqjN,n4CLNh9fFCWEgBEQD,tFxPDpxwB3TJg5B8c",tFxPDpxwB3TJg5B8c,4
kR9MDbh9ktZFmJkcK,2022-10-11T18:40:38Z,kR9MDbh9ktZFmJkcK,kDnpgNxCpCTo6aHS4,"hzaz7wzWihjaSiiWi,kukzBp96XSQP5TCTG,zYCy6nFGhBcMWuFbG,P5aovseGHYbFn8GGe,FYCwXessR5EWHvJKw,Y3pf6aTSf2tfPCKW8,sc5h36kZgLCGjBsNu,RzuwY5rR2rDReDyxK,xs5iBbM99jvwLKf5y,XhcLCe5zhnQMLzwkP,sMiAdpebkiihFcZuW,vs76vMXe9pnCFuuT7,wDv8XyQv5ooYQWH9Z,6GbRgogNWL5Rz73WT,CCrDtNFQnTp4wWfYY,QcFySgL7WqnLbJwvv,rzfHFqYkfySe8oiZz,nCZC5tb6vKT24jKcj,skPnfzAnm96MDxHy5,3RbudpXQEEyM5GXTy,nDABZ2kYmKuGgLfKv,BcckWtoa5dpfuEbcf,qeAfWxWTpJDPuKkKr,YnHFEZsfgjxnYZjHA,ojT4aMqHtKgbxYXRc,x48kEe6qFvDwCTmtp,9icKvmqKJNjMiMgzP,EPR9htzb6agZ2or64,ykXPoK4jKztdce4kc,bsgGdC7T8WvzX3yBd,BQ6E6cwYemkKkaAM2,XoQ6oumzsEyPmHc3E,ZgbzEzrFR87tvfpcW,YQCwr6CBANBsLGbBz,n3DnSKgovscw8RhTv,Q6rwxhMFbi5oKBdDn,4BRD2WWha2tw2pZgk,EXXbWMskRpzf7bNRa,6EYvWMJ8yJEshZQYR,mJ5hTcnz6LYorZ6yi,vLLiWYDrnbivoEF25,GjbjdSmM2WDx8dnAF,qBjmcCxTAcZ7tYbHb,CerXDkN9XftXam3qC,hDPAi5KpBWPx79mwo,YJFMiruEbMicmMbJm,xPgmdpnyuMmettQeh,35YkDh5KRypM24oFz,Zj3gjQ65Nsa4rqnrd,GS5S8CnmiYuSrp9vx,rnWTp46DScXDGFRP7,kgkEt4MJmuccNnt4z,ZsAKvNAQg8vJCBAnX,EQEcNSFtkCJhE7az5,84pTDfxDiuYTpYSwq,n3WAmrGbfc58642yQ,AijMWYH2oTvPAf4W7,qJ6g6yuHGEEZAmELr,ceNzvzy8DtrMb9PBz,7j4ZAyughqPKZmgnu,fcGRgj2QJZqxmxtCE,44SBK8jgpByDyzGbn,BEsepYwLdrL69XB9k,E9fhMh6w9a5sKyxQE,R98GPTwZ6fPdy3joa,EBCF47g62zrCStXFc,dJ4ZZ6fKQ93rrFeAz,t45P4QjNqJeFr5r5N,SHJWMvZ2Ww8zz86yD,d4NsQcoz3wGjrZ7Jj,QLgBMtppxjyjg9wA9,aJDEJK6qPdnnjtWgo","2744q5EN9odwN2T8z,WDH8P9dFi2sB5aui6,XABGAunc3DdRK5Jgq,d6CrDKkMqhr2eWDdg,gAmE9Fr9LpuTmgn6y,rftXDNb7EwzAxT6W6",JwbkpFdkebC9Pppug,2022-10-11T17:39:01Z,setA,"/experiment/tangram_A.png,/experiment/tangram_B.png,/experiment/tangram_C.png,/experiment/tangram_D.png,/experiment/tangram_E.png,/experiment/tangram_F.png,/experiment/tangram_G.png,/experiment/tangram_H.png,/experiment/tangram_I.png,/experiment/tangram_J.png,/experiment/tangram_K.png,/experiment/tangram_L.png",full,12,false,"rftXDNb7EwzAxT6W6,WDH8P9dFi2sB5aui6,XABGAunc3DdRK5Jgq,d6CrDKkMqhr2eWDdg,2744q5EN9odwN2T8z",2744q5EN9odwN2T8z,5
AM32EpWzbjLmWKqQX,2022-10-11T18:26:24Z,AM32EpWzbjLmWKqQX,kDnpgNxCpCTo6aHS4,"4234jmhLZrTQ7YpkA,AeXTji8PWDZAtYTiJ,m3xzjEigbWasXYatH,zLycHX66XmmkAmkMp,u7kHdF5qjYgapqzEf,tEcgGqaDjLwsD4FcB,XcbKBEFjk3eyzEep4,GWZr7dj8CmuuMXo6Q,pZgDWyaqWukQ3eaHe,gCDaHdQi9bH2PtamS,8kapWQf8eeCX45D5T,PzNN6f4vy4bqapSHp,X8DYr457p5JSbNf52,vSufJGbqY7biQQHbs,ejbbuXnyX45yQNXkt,bxFDPbNQ8LTBiYarw,dbp954ycPCdg9vne6,tZSf8FiqoKZY7sa2p,WqNLETuBo9TY7c3rK,X62iTsumeE6rPgMmH,bu7LSTeZ6jjMDqrDP,PMxRri3xtfic6mxeY,c38beQzRuHgcENNpt,sA9EhADs4vtGf4GYo,fpdw5WWZGiQXnGoE8,bwsjSNT7LFAReobgP,Ed9H5zqAn7xKJhu2w,9GBAMnduN99y9gQ4P,Z9pcxsNg28nzzGrP5,nmfTqvNz3Lx4LZMH8,HGbfP3eXs8WyFgxps,9KWakASPy3Wsatm3a,wXbmTSGa9trCQ5PXw,yJGiXzEMzR6GbPES5,5JS4R5nasqtyovaqt,bGhLN7bqNyTrZpzTT,yFZ8kXbXqfEbH4EzR,kmQhujNwxrPuSWwFh,SnCAdE3hys8LvGEvD,Hd6JCTpBtJ4urTJaS,X5PDkBJwJAqG8ScEF,2pWbAsJ52CMybiPjs,is2mh7unbmCNAvgFQ,C6ZErjLvx2sErvsRe,4fPeiGrcSbwXXgEth,qmdf4HEa4bCmCfoJ5,dxzfNBHGZvjPKHJsv,GHS22Xzz8bxuCjT28,9fxQ3ZuXYrN4YjCqs,wsPbAWayd6gGheqdA,NavG9bieELytaJZ8h,fCP5fXJo5TdLYGrzC,AggpXbdo5SpFDSx2W,LwCtbE8zHEbp8TxKz,ek4iwA3Tz2QoNofcM,kboa3toTA6tyrpQFQ,3NkmjctgFgNpj7Ft8,WKSQXtGw4CzgoZDiu,CCT54ChL5f2XE4DvF,S6PLErQr8gKhtHg3i,j6Nfm4yTNn5grAe4J,yFNZvZmabJhpLviZp,WWgth4KS4qibyrvDP,iArrx2Q6ehujJsHaW,oz8SJi9cb92JTHrnB,Ku6ucwDZxe5eL4J2T,HkL2Lb4JCFFb3XMXQ,aQQQN8oZoiLKXsGC6,dGv7ShfgbC3dqBnvT,2ywfoiJLoE6cJsyM2,6zPQiPxjLskJb7suS,ZW7DdkvXZbnnJJ9yp","4ocAmpfxo49QtHkpy,C6JHrkYGYE3mNWnPn,LwQ4DKPBq9vFbZeJk,ipD6BWixZJPo2Pigc,rjDHaX7d3Y2SexAsS,tQErabBQCEgY2K4yB",7rCqiquMbJQbAbYYa,2022-10-11T17:40:39Z,setA,"/experiment/tangram_A.png,/experiment/tangram_B.png,/experiment/tangram_C.png,/experiment/tangram_D.png,/experiment/tangram_E.png,/experiment/tangram_F.png,/experiment/tangram_G.png,/experiment/tangram_H.png,/experiment/tangram_I.png,/experiment/tangram_J.png,/experiment/tangram_K.png,/experiment/tangram_L.png",full,12,false,"tQErabBQCEgY2K4yB,C6JHrkYGYE3mNWnPn,rjDHaX7d3Y2SexAsS,LwQ4DKPBq9vFbZeJk,4ocAmpfxo49QtHkpy,ipD6BWixZJPo2Pigc",ipD6BWixZJPo2Pigc,6
R5N7KGPfkvFs36q7g,2022-10-11T18:59:15Z,R5N7KGPfkvFs36q7g,kDnpgNxCpCTo6aHS4,"R3K72CLpi9cHq8pjz,56YbSJgMGggDn4gKm,BSd6NhMJ9SqWh6cM6,Ri4sjxhsHWcnPrTFv,n4PKXfgrTZkDkrcZW,8ha9ZdKcwaTNRtKuu,u5qrw3fBqXbCDyL6r,bWeaSMKpTBgo85poF,hh7xCR8pyYmb69bmC,YM5no43Bp8jd2xdsW,kJd8ZjyAc2nF2Jjnb,Q368od2SjdXHadMuh,XdnturSviT8BaRJxn,T5vzeQeuou6p4y7e5,pLFzvt74Tptwske3m,rzcx9nmncqYwzN2jK,3TauAr92cxo84gTvH,5YXtSPtPng7mBRQ8d,geiXoChdkueHWtqzw,cfP8yaZc8t3yTRJfh,Nnttxo9BAnnhh8Nas,RBRtF6RDgfpEZR2Nh,HHERHTJxgoFAyrFq7,DGqpjeg6FNE93pqgR,KAqLrDTbb3EWsK7jb,fD4atvwTenFmGNws5,76h9iaYkdnGBsKm3R,HumrE69ByqLmZLjrW,f7m2hrSye42pXiFMj,8fyEBR6LDs7TDdYDZ,SF9f3Wg8LF4tuWtCq,cu8nq6zbu5LA2yR4z,6qfXkZfdQSGGSbfvf,6zs7YE2WqQ6r5E6r5,5mK2TNc8XLHavgGty,ofFgau4srEeg8ohc5,KPeZn6mCNyS6SRX5M,2Cv73aajEF4Ef7qoP,WWbLmv9777MqBnnyq,NMJxW9nKTjTwqXSrL,okr5TtfkCmFZznovs,t6bywFGjgas4tWfpk,zgRRPMZQSgM7NL8K6,JfSrHEi9iFg3JTk4T,5BGHgmPzjL3mbLEP9,CCqiCZ3HgWjYct2kk,nQQTet8WyLC5SGeGN,vQgRcJZNNH5DHKxwe,PixTT3YDZZdEqDZAZ,fLqrqFR4cGHSrnJMR,Pdh3uYoeqE42Z8t8W,X39QACWh2new7noHd,wyREh678Jj88tPvDh,rcHkCApMwjeSGYgBK,4aXBzHeCrkMHDQEry,hkDkzjusNPmT3A8TF,38zgszpY3JwSQK3jA,mG3HZFNiQg3EHhbcP,h7HkjEohfwBErJaT9,SnNAuuFu8dYtv24oo,6ba4Gh7F4EbSe5Bob,FDocRSoTNc4yyRjDX,BpJfMAetQiJCZPtjH,sPaKeMeReiAjkqe6f,RbpJwro6S4BxdbtBe,7HKND7o37k4dCav8X,rhEErFawi2Y6baRyS,WZQAwEWnK9biajvtj,wTvjQGLxwwcJgiAfC,Z2j65LBodWiSmYebJ,bquExywcKqXTKCMua,nMijR4EDk8TFzPb76","A9zvmfSXi5NeBmM9z,Bu3JPdY5BDcgirCaH,YCizRDHGPb8rWmT26,hyjLZGNQr2a3cXSS8,psXuWxPegW43uvmxs,xmd3R9NrxaNvdSEr6",BaFiEaHNN8ZMZKpFz,2022-10-11T17:41:29Z,setA,"/experiment/tangram_A.png,/experiment/tangram_B.png,/experiment/tangram_C.png,/experiment/tangram_D.png,/experiment/tangram_E.png,/experiment/tangram_F.png,/experiment/tangram_G.png,/experiment/tangram_H.png,/experiment/tangram_I.png,/experiment/tangram_J.png,/experiment/tangram_K.png,/experiment/tangram_L.png",full,12,false,"xmd3R9NrxaNvdSEr6,Bu3JPdY5BDcgirCaH,YCizRDHGPb8rWmT26,hyjLZGNQr2a3cXSS8,A9zvmfSXi5NeBmM9z",A9zvmfSXi5NeBmM9z,5
K7iDK8xmfJbE9RZZE,2022-10-11T18:52:15Z,K7iDK8xmfJbE9RZZE,kDnpgNxCpCTo6aHS4,"KjtZ2Cv2Lp4MFuG8F,aoFzkW43jvnXvNmkL,yzwA5yqKMv3goWXTe,quDNf6JsKPBPd2GQK,NWC5rkWmkfWDvGwsp,FzRkN89TgLxkh83k5,3TzTbeZJ4G9AvJuRZ,EzeM23o6e2uCkF89X,rmNj5Dz9WoFcxpMK3,4dm9ex34rHrM4CGFq,EanJv6rfSMcfKWYQP,P8bHbmv5T75fy8Cv4,oDExXiudq3u7c3bRn,35dkC2iQ9KNkSWrLj,K25yWyhFDxtSmWrkE,BfmYjncmHdnMTuh66,CDnN2F8JyDa7uR969,yy7t4mtqw3oz4msjS,qXT7Prc4ks4PJfJg2,5rpTXsTNM9YmCGWn2,HkhmHy5y8NCmfxpp9,FYAiztRtXBZiMgnXF,AXR2vnknNrAuBy6YQ,HfnSWfaGDBqrqt6SK,4ne9YZg9bt6MZ8kgD,FG3wG4KdREeMySrmy,8RWE6mxiLxq5g5mEN,xRHyktMXvj4c5ovDs,DyTANanf63aEqqe9q,pxCacQwpjLzbAfgt4,7kTh9smMh9P3ECkFq,riGxaMfd2aNXcEJSx,qiGPkkmiMsTMcJgSt,fiToFJN4fcKYr5QWA,NTFbHeBLo2zS5u3Xh,mcJ8uiXfYXiFpo9sy,rJwhSWZ8e8Coi5gnr,qGqKLEihQLmbNC7f8,vmYjWH3QwZFriD6pv,7hyaHi2YvAZeL8sit,63hhRLZ4vmnt5mh4N,2y8DAc9pWCExyJcsy,ufa8fSmuCW8k86tai,9dkHBbbKvkPo8Fznt,sqCCNJWPQaQcAANLg,cg7vcWgKzkJfXndaH,K8qfhFfsBBKPXLLQJ,wW53KD3HLDaZKyk6Z,dA5afAqob65Nw4zJG,xCAHsysDP5ENAmJZz,uSfem3aLSE2MoR4o2,A5APLjAPDNnb6ZjNi,rPDZ4PB3XmSA2Mvz7,k4aQrL5WCS2GvDCjE,6D7dRtbpaqpZuns5j,CMJ8K345uBZc9wZok,7Thm74ngfJW9YFKK4,p2Tk5SyWRbjQBctEE,xBHPQZxpW6Br8aLzB,kiXKJDGMua7s2Eunw,vRqyfP7C4hymKawds,9LotYd2jQJ9wga7HA,fixkcwJyuXANTCkK7,3hgE8QWPDvRdrg3yw,zs3wMavtSrpfDjSKf,4Rh68ayyD2ftLa7na,vHfaS2Jx9SLvf6Hyg,4zby7nYA4uAZfHNHJ,cR65We4iNBsbrXnBS,yLBG5nmaQ54M9ACZr,ABp9NpDewgsDT3jAc,9YzteCiBBfqu5y7NE","LPvai2ptChL92dKEQ,PJXF8zAPvqSE4zmN2,T6LMYkwKmKsFsFzre,dpKe5PpGRdDLs3zH6,e9CKQJjtwp7N5J9di,q3QkkAc5WnzHzSJSe",tzbx6YsirJwovm5vK,2022-10-11T17:42:11Z,setA,"/experiment/tangram_A.png,/experiment/tangram_B.png,/experiment/tangram_C.png,/experiment/tangram_D.png,/experiment/tangram_E.png,/experiment/tangram_F.png,/experiment/tangram_G.png,/experiment/tangram_H.png,/experiment/tangram_I.png,/experiment/tangram_J.png,/experiment/tangram_K.png,/experiment/tangram_L.png",full,12,false,"LPvai2ptChL92dKEQ,PJXF8zAPvqSE4zmN2,q3QkkAc5WnzHzSJSe,dpKe5PpGRdDLs3zH6,T6LMYkwKmKsFsFzre",T6LMYkwKmKsFsFzre,5
8ukdn7m9ypXhxpPR4,2022-10-11T19:22:11Z,8ukdn7m9ypXhxpPR4,kDnpgNxCpCTo6aHS4,"j3AEKPWrffHzucZtz,BcAXjZ8nMCSi4whuc,foLWD2aiBx4Pd2xQh,SB8KKJD5YL2je2uAh,jgxKyNNhzQQYAgYHb,krhq2KbxffBv6ugn3,c5njt9GKL5SpCN32p,5o2zfL3zE36pmioo5,FAtg34vSqCZTjmbQS,Atu57Qo6qb64cSy9g,iqS5T3czgpMaLpaSY,a36NF2EiMXg8XSTe4,yWD3kFuGmCegjYWnC,twQeGqCjMhTskbvp6,x7FZfWCPHz3FbbNZi,jAroRx94tSwg4snEz,RHgfbD78hCXDr45ha,HyFpwJAs3AP2AtA8F,Z5LG9q7R76kDAjjET,LvxJP9wpJH4mwgqzh,Gx2WK5zv3trHfBg68,tb2o3aNKTihJk6pr5,XprAxtRpTKn8JqfSW,gTAqA2ts9ZijYdbQd,urasP69QtJ9fKfMzA,HuZcSKNjxtnjKraEy,dCRjdtr5b4ehEScrb,QnX7sdaebda5EcE5d,59mms8Srhrc6KCFdE,uorxnyNEwKRzAFfGK,P4eGeknKpdKNxjBfj,5andPZdtKd85tSBhj,2nEACNaD7RtkkJazW,coJJN4uwM6Lzt63Cv,q2ubGpQRkHkW4WbYn,XyW2DFNA3gSMX4B2R,HvDek7KtTZR7KvHfJ,npdjq3zxSPhohW9ax,CQMEubLWreq39mNgc,gDixExSXTkE7uADCp,qkRkCP7si3LAH66Xh,4rCCdtmBfgNyHuZeh,aQXXtGd2ksnoRB58R,CdzuHTJon7uncDWez,rHHFXenryoGfRp8B6,q3tH2qgF7oRQNezDz,nJbB32AXt6EBudLaq,PpEPHGWX6HJg2fNzo,3x4pFMSsZ8obobtKe,NgKtGtK7EACTm3hBB,TMT2bD5M4HnSZ6vjY,jGR7aRQtBQGqt4zAm,TrjWQrP6rDdsdiCdd,bh492kbhD2BTHDWcs,Yp8TFYpeXBbM29bFc,LyNNf3hBSLL66GA2X,9TfPA9wvuC5P2nKD9,xEgyAQgJYCacPmLQJ,oMuPox2LxFEYYskWt,4FstmY8f9RNRvcvDZ,wihSE5JM2coghKa98,Zoku7QGE6uDsThR4E,my6ggw7x9CGHPtegi,QdTQ2vijPAKzAxwGv,TykW28qhS62W53oA9,DZMrpaw53y5twJaXG,XTdez496joJv6qC7i,FKbhbt3dTb9k6fuQz,DbywQJsE2ch8mgKt7,fei5wXPN2SQjy7Zbv,sQL7BwX2mLegjDrYB,J2s7FZyeRW5HPjnLX","EMSuSGAopPJ95mMrJ,HjETYsPdB49PboNEN,N7qTc2Ayd38hahFsw,QuqzqmScAT2g2TsQy,WsHSgaSjxKhCm57LZ,ygaSc6oZ2uhyiDKbr",xH4DTdAnTkmZBwQGf,2022-10-11T17:46:10Z,setA,"/experiment/tangram_A.png,/experiment/tangram_B.png,/experiment/tangram_C.png,/experiment/tangram_D.png,/experiment/tangram_E.png,/experiment/tangram_F.png,/experiment/tangram_G.png,/experiment/tangram_H.png,/experiment/tangram_I.png,/experiment/tangram_J.png,/experiment/tangram_K.png,/experiment/tangram_L.png",full,12,false,"EMSuSGAopPJ95mMrJ,N7qTc2Ayd38hahFsw,ygaSc6oZ2uhyiDKbr,WsHSgaSjxKhCm57LZ",WsHSgaSjxKhCm57LZ,4
QkKavPsKXNH5uJzrs,2022-10-11T18:50:48Z,QkKavPsKXNH5uJzrs,kDnpgNxCpCTo6aHS4,"BtyRGouNKu5HHriRi,ZqJyakTYBDc2qDwXn,rSXcc6n7qdJfuhTu7,FzrxuQgETcgsrydz9,bTR56qMbgg62zA5fY,oHrSPQ6p3PMwgcbvv,5pq39SocBLYAPYGcM,e4FtbT5DgKwkhD7yh,uwfWo2GxDRbF85mXq,hSN34abLwLERmKBa6,JmMgr72xfCEmRZZrJ,m6vHy9tNzhusrtDfm,QcatTM6ecwtSxBsdv,QwRkwsiWT2zawnnEt,NAzWMEu63Dy5LovnX,ev7gX9HbJimrkGmLZ,ht68CpBWQn7MjdNru,dBRo4wahHkZk9G4Nu,accrJYM4ZBDAYvGk7,tMW3yTwpBW5YCspwf,JTGr4dCYZ3JjL6fN9,HuPbCHLb6yeWEQqRY,Bs2Dg649ExKu8PcwR,5E8nJjchP8ZJPF7uh,6RQXdD9Nfm7nfkdAx,nsJWavg65u9eE6ymJ,B8m2tMLoDm3GkBT9f,K2PuiykkvXfgstGB8,mCa7JWPfddjSJ76qN,ERyXbvKNe47QLsH3Q,dJixeJPxrpcgbbmkN,FMGk49AhbLERBKEpt,t83mQ4GfGM4ScWev9,De2WdNHBhE4YxZ58f,SjsYi66N54HiapFyW,zySzXctYADnQLXkpi,rtXL3N58LSLndFEzu,gn63Zp4MArWk4Y5fL,Q8DTMtPNZ8H28pyjN,QuCAEBBv7mmBx5X49,gihWeMpj79Eua2sMd,dCnDnf5X4Dj7Z2c3W,ppn24uM6KEcqsv63s,iH7DBoPb2DyovBWBX,ne4k8CPqaFv5kwW4E,bgoPREvPBm8FaCnZE,oiLtkP3P5QFXvStdb,maEmjvFyFJ5xKJF5Z,CySgFBaa2RiWxkNJr,KB4uY7Br4rhWvuRpN,4SqJrDuWgEKvKaSQk,qKspo4CtjGzTTArYo,4AKnJKYAiqnAaLx55,HZdJpiFWkyu9rgpE5,hSqmeaS7No8Tje2BX,Ppny9XdW8n2n6N455,WdyMnZCY8Hg6wabsd,GJgcdrW4N4rkTFZ8M,nMJS5hobWsdiMmQp4,orP7HBkXCe2pF2wmN,rZAiwffdpQd8Cxirb,h6kcciGC4tjFwRhwt,8ujWJtokXvQpiNcQB,Q6aucmFBT2X5dvs2h,XP6hD6uLwA3TJkgWC,AJGmHDfCJ5QvbD3Fz,xhgiHCpafnmxa6tYs,axY3LyXsQDR6LPt4X,moToL9GKcv4CNXHXb,zNwZ3DLCmWwWKTQ3B,Z4FGS3kaDtgWstgQr,BepdA8c7DcKMGE2Fr","45SedEFMPvXQwJr5u,Bsb5XvsxwqqP8acHp,Jbw49Y7M6jiNAvj67,ea3zT2a6Nrh5t4NAB,ySkkTvw6MWq2jN8sB",iDDqEWP7vDQdk7yTT,2022-10-11T17:54:04Z,setA,"/experiment/tangram_A.png,/experiment/tangram_B.png,/experiment/tangram_C.png,/experiment/tangram_D.png,/experiment/tangram_E.png,/experiment/tangram_F.png,/experiment/tangram_G.png,/experiment/tangram_H.png,/experiment/tangram_I.png,/experiment/tangram_J.png,/experiment/tangram_K.png,/experiment/tangram_L.png",full,12,false,"45SedEFMPvXQwJr5u,ea3zT2a6Nrh5t4NAB,ySkkTvw6MWq2jN8sB",ySkkTvw6MWq2jN8sB,3
G74GhYGrsaxrsfYxf,2022-10-11T19:01:27Z,G74GhYGrsaxrsfYxf,kDnpgNxCpCTo6aHS4,"9quba5YJWrm35n4YQ,k2fcNbedA2x27xMFy,pJDZRL97gfZwL2dxt,9XoLch8JaChwL38Yk,zJTKWTFXeXtGGyKhr,MW8EqxN8DqTtHqh8b,A4RnP6D4oN2REGzDh,gkfmxFwW8JYQLbFg9,J7X2jFckgNFs6krMz,EE5CdxqXiMZcXjp82,9zqsPhsPPF89m6rwT,5jAdNkMMXscmamHhn,bY8Snb2SLNYqrp5Db,axMrJrzavQGFPQi8m,4cM8eyvBoAKi2CGZj,TjWT4o8dhENxswrtH,WCHnFbsJJFawuEdA4,bH42AD7KZmT5E6sMj,gKPQDQ7Yf2WMk8fu5,cfRdYddRXL6xocJbP,8yi6hK9C5wj3gp6pB,in5X66oPaw4FYTEes,bcbbQLo2CEztcivQ6,6wyisqqmY7qPXYZDc,onGHHw4w5aqTtPsoF,fxSdg37dcbCmeEmQo,kBNg2hFoSJXDmZCD6,mPAEDRE7MTAbHKDc5,zxRv4KrQLCLLbDmJN,vh3NEysLCcNTMamHb,df9St9qsGhqpsEJuY,D5tQdBnYJavyHeKCK,5Da7JAWRmXEYy2G5i,KwSTDyTyRgRZJjN5c,f7cDcaChrvCPaAcuD,my7EA98yM3g7Ri5Xe,cYyKfAWRP8AAieXdg,tcChMaz3dFggnTYrW,xMYLyahHfcLwp3Q9F,iF8mZNEJaN9fdad5z,McZ7XJ3uXWK8nKAYz,MnDtonouQsCmebDkE,39orvgYHwcwuuRgoE,ppPXdLL6ui96QvBW4,5nruHYb8LCQ3MQWD9,qjFqtqHhm9C8anKCx,QnhAzyKKcJ2PDJs9r,AaYnWcE3Ch8mLCe5v,832TPRsJx9ixqGtS2,8qzgaGBSvq6ffL8Yq,C8nS9mhdY9u9Ti5BF,eFB3NGKCyqBxS6rC7,DfyBdPjgDn4QAwim3,qf9tJAoccgaAv6kmX,mhjLgy2ztXSQkPhmK,BzSEJuEd2hgMg9Jqk,9qHeBDgmcmRhcnJc8,mpWvwr5FDY7hHPs9d,aMFYn6PrqzX5hbhpZ,ubcbXQsA8tCSRfneR,8dM7nripLEdzRRPwJ,kwayZ8xdsEzBhjMum,zN9xsaLQHH3g6BeoA,toHj9potnpomMNXL4,PdBhRNGeYpmYcio5g,ncthXPZB88EzCrNEe,FkM3vWLqEoMTieFXB,jCRwaWk4Pmr84fE98,hYajmjatPqiQM8u75,vp8sr3bQx93TL8SgB,teuePjtgQgQNjwQsF,GhxvoNAvxPqBYSDxp","5z6MoXCYQrAcYNve4,CEq9ntmnLH4eAoZmK,G7t4KfQdMhBApqMvT,PBnkgyv7rkXetCeLZ,XbWqD9WLYFvh7CYm9",CGC7b7euyx47jLsf4,2022-10-11T18:00:28Z,setA,"/experiment/tangram_A.png,/experiment/tangram_B.png,/experiment/tangram_C.png,/experiment/tangram_D.png,/experiment/tangram_E.png,/experiment/tangram_F.png,/experiment/tangram_G.png,/experiment/tangram_H.png,/experiment/tangram_I.png,/experiment/tangram_J.png,/experiment/tangram_K.png,/experiment/tangram_L.png",full,12,false,"XbWqD9WLYFvh7CYm9,CEq9ntmnLH4eAoZmK,PBnkgyv7rkXetCeLZ,5z6MoXCYQrAcYNve4,G7t4KfQdMhBApqMvT",G7t4KfQdMhBApqMvT,5
iHNnNCnSAx2TYjDhf,2022-10-11T19:09:34Z,iHNnNCnSAx2TYjDhf,kDnpgNxCpCTo6aHS4,"5mx3ryZHaFZFaELAG,kd9Jv8qnm4TwaGm7k,DYD7XztQvenSzGXmf,bjgEAtqrsNRmgJZ5G,H9cDLaHKPMWMJp62b,66ndxtYpXtzfRcRFf,THWp9iXjbsaeRySrM,4Wn837Pdyk5rDyuWv,E4K7fSp4EjhmZKT6P,uJ5ASPSrF34cFHHAe,vmgvjrBgwmhsg54AD,tEAXMg8WYpY62JCBa,sA6kA5THj4BzA8LrZ,QPpuRAZFYjRF635F6,PvEq2c4zgdBMzCzpk,tK5x7L7DdssXSZLdG,qJEQztdkYEFvHqNQ8,qST8xaN69uBMHwMim,MsPMNir4yv849Mq3R,KwXARojKDALJEKEgJ,nEuf3Tnjamtvk4SKx,YBPHbr8ADhxLsMX4u,zRGbDphmo5kNm4J5A,zkEjD5sG7iqEX7QG9,7fNkCdXJLkSy5jfno,imFBowrRbYoAK9ZzF,wskSXQN24RZ2unGXH,xgtSQzGJSMYsGx8Zm,wXcmxQ5wnH9FAmgn2,qssNSMr63oyXmeYbu,Ck8GxbFBfj8L75jx3,Eav3yzSjbM6nxXRok,SsKA23YEdL59tmHgL,jDgj9NAhkkuSBXKPv,j7fMtLxQFQB8vtHjC,Cz8SekHLST8mXwTa9,xP4bzibccPAKxCcAK,TZMYc9JXYvQwFrmMF,weGfkjDSPpi2HjofF,dZAo68XrNJP9oKBfM,dkenJybDxCfgQ4Jze,BwcB523ncwmZajkQr,qwhJqk6Wb7pAwrjcw,2ynEm2vfheuLrLN8R,JFPj8Czt85KGHR9gD,fhENXpycAmmHBAxYZ,QbunvTTPx3zfetuAD,aYb6tN8eGvrqoDR2M,3ep6aPRxshnqGitak,MZC92vg7SvPA22sRk,gSzHFKLasHSGX6WXa,JbM4vWqcEz9cvuSTM,bpvJ6L73pxQYJHLRt,KJ77vhiF8dk89HAB4,He97MqWrsPHvbNyvo,jJTstdixrDuzEgA77,kzCCGds4i9MAH26XR,whgyM4Tc74AQNTumc,EPkJTEPrmXrkJeeAb,MtDdF3rweJnm2q7Kw,k9pdtpik43c8mdXkR,sQardLkYW3QSu9LBL,DQSYwrgG5aLghjdyd,QTpkh6e7wmZxCmGWt,ADPxCz2MBEem5e9L6,7kNRdEg9PSATjMPWs,dcP8joRceWtbo7evw,4jQhYfFPDdX6rKtDn,9BzgWsM7QzjeyHNsr,WY8RN7nFcuiTw8JAy,s8KAN2JoJ4uzWCF2N,h9SdqNB9M6zvd8qNM","2ub9Fg5YrCita2F2y,ARCExdhLWTe6Z8anB,SLXXsJaRnhy9QdfeY,fj5hYTYAfRdgfohsG,ghuYrBDccmDDZc3QK,qyXF8kaiXrNgiBdux",abKDFm2zCrMjDuQ2X,2022-10-11T18:06:09Z,setA,"/experiment/tangram_A.png,/experiment/tangram_B.png,/experiment/tangram_C.png,/experiment/tangram_D.png,/experiment/tangram_E.png,/experiment/tangram_F.png,/experiment/tangram_G.png,/experiment/tangram_H.png,/experiment/tangram_I.png,/experiment/tangram_J.png,/experiment/tangram_K.png,/experiment/tangram_L.png",full,12,false,"fj5hYTYAfRdgfohsG,ghuYrBDccmDDZc3QK,SLXXsJaRnhy9QdfeY,qyXF8kaiXrNgiBdux,2ub9Fg5YrCita2F2y",2ub9Fg5YrCita2F2y,5
C6NxFhmDQvNgE2P68,2022-10-11T19:12:15Z,C6NxFhmDQvNgE2P68,kDnpgNxCpCTo6aHS4,"mCTnaix37vHnLrhEP,2xwTeku4G7iqS5PoJ,D9tcSixbRpQf9wed5,JH8nYPhRZ3peEmcwc,8xGkwRgfrfQ2ztDsh,m34fPnwASDW6SmsCN,YFHoNouWkBKwpoJKQ,pGpjuRz68Jb9pKE42,EQMR2XR3uYwXCLoXY,LArBtWcP3WeHXh43C,KF7WAK4gqwqXiRXyK,YCxmfnJ2rCh9Kif5g,hxkRXBYhHZvTCbYT5,6B8sSJ9R4uMc262xy,kARHRmzKugffDopKu,SX2M8AyGauPhio67T,rkDyWJXSjwibY6JtZ,FLaoK9LRFe2fZx64q,HavTFtsueSTDa8aDA,W8Qbt2Kd3JBBcyc6P,Aj3bMByG6aq8hHD2r,bBAtSGtKmxBiWa2Lj,j7mx4CqHTHC7waMp8,khb5YavSZpF9BTdpj,hbvSzdDkFpA7cj2t6,Dqz6oZmDhRf9R27R9,DsMbQ4qJ8gvfCtY9m,57JASSpPkSLTN2iC6,9Rjs4q2q34zCS4qFT,odNBRzw6KGhP4HThB,KhkZHDqzL5LXWtHCW,if6sb66u4E764pQQ4,c7YF7xxKsoca6Zptr,h4Np4gZwvwLTbKEQF,zqvvcwnBXXZ8S33dX,zEi9M3XMmTXwbHfv9,j3byioi8s5zmBRTKn,c9AP2WTifq8LSgrN5,aRJnucpHoLzYFeg3S,3aZK34f75M982i46L,DPKos2gFHiuYdfokP,cKibBtkkMQ4Zdj4tJ,nputxdQgR5jcpKXHt,Y8jA9HBvnjgDzAYB4,hMvFehHwjHpuxQ76J,fyfCKZHeQNxcQHnme,R4PPcFeHbSo9T9o7Q,yyewM2ej9vwpy7Xmf,M77Kq7oJRTcbudFxx,P4AXzWXdtCir5Nahc,4tA8kELEn4v6opqnL,Tw66m4PuuHJEeJeGD,Fk4uoyxHfLnCEZ7Pb,YtipRW3SAME6yxTLr,RsJA3XXKysb6HjteS,zCC9smgRbHnJRQwyc,sbzooJBm9ZKjzkeTc,wB783JyGQdGfrupYg,g2KaEACQyaaFDzpnv,SYR4ZkgoQyq5zx5fs,BraZv3KbSZiSgLK9i,zhFFN5JuQoELkZzmA,JKQCwJv8AYcQCANEf,eAofPKm7LeKJwHo7u,8b4vqvX365BaMrejk,ZnX5WomcpgCfjfv9h,WBoLbcGiXBhFYkHWm,haJxrmjnCu43Wus3u,MzvujiDzBWj6gcY3H,pbA3fJFwhFi6r7xcm,Bdbirzb8skyonierS,PJutiYJPod9BGNgiM","AkHJr6QPcGuezy9DY,CsbCqNrAHc5ueS2rd,FEdr3A83XC9eLojvx,dQyWrrJ7CsfgkvQpT,kBN3ox5uxrAcMeqDe,qoabbD7ZPjPWAfqw5",DcD5otRN89BZvDTaa,2022-10-11T18:07:22Z,setA,"/experiment/tangram_A.png,/experiment/tangram_B.png,/experiment/tangram_C.png,/experiment/tangram_D.png,/experiment/tangram_E.png,/experiment/tangram_F.png,/experiment/tangram_G.png,/experiment/tangram_H.png,/experiment/tangram_I.png,/experiment/tangram_J.png,/experiment/tangram_K.png,/experiment/tangram_L.png",full,12,false,"AkHJr6QPcGuezy9DY,kBN3ox5uxrAcMeqDe,FEdr3A83XC9eLojvx,dQyWrrJ7CsfgkvQpT,CsbCqNrAHc5ueS2rd",CsbCqNrAHc5ueS2rd,5
2p26ok9CFsRGJGceh,2022-10-11T19:44:59Z,2p26ok9CFsRGJGceh,kDnpgNxCpCTo6aHS4,"ptnYgykvdHyz9daAy,zTtYnoBMFsqkuB4td,Tu75sTuaNvoNNgn3X,RmskSBNm3ykGTykcz,6np7pSCrmC55637si,MG26reckJSzjnd32X,p2Xf4aKF3sKbKcKDY,Y4CK9znj88nx27xw8,5i3S7EhrBaE6yvwJF,F2GdQ7wfZhFMZDsHh,LEJEgiscdnS3Ld4Pq,aePrzR5jwQto8Wcri,dJbgyuxrwhDNLhfpM,EkZXmBLQ2jgpcJSEw,t7guP4SCukMqn9eNo,i4PZQBRmyReWvWSLQ,waxcqd4rK7H85ZuYC,9Fce6fLsTb83kXZeX,Hi4iRt5gCkGhGjCp6,i5yakfayyECcKmTBK,8DZdEmSfEknTvqg5X,JzWkEBfTX6uXuk2Qz,Gv5PZmKzTiTvadgoK,GJryKNfXw5xPwEEQg,4KsjmvSyj2kyXZiEr,xFb6CtnXsNBNKSji7,PzSdtSACjC85Tu3Tz,E5YA676vwif4YDY6t,b9j5rdkfDqFp35CXK,NgsoNxYhneyCh5tPq,XBe8hfE2L2yxGmNBF,6JB8btJhJjm6NKfwN,F9LYwhpZpKbdWKvNj,dfBkvaBHJkjvFkoba,rxhrYZQXopRRm8NNL,nkhBGF3QPWZWv4MtL,8rwWhkZpb26iMEuWQ,rzNg9dvFisSkfKedj,M7q3CPQx9WGtengcP,PDYsTM4rq2GfBTTQx,9rJ5GR7fzz33iRGLj,4ZpAPFnQrXp8Z7Qax,BW6cP3rH3d6YzZur6,s7i82oBKEkmhybHoA,HRegCjDeBC2fEJZdz,GsJxAKhwRqj3ShCbx,eTSASSYxYpBAS2k9x,Xnqd796cbeAeTpvu6,JqkyxN7j6ZKgXdneG,jX4omb66qNgXRqDpZ,BxHpCbZXDGHQQ7hQr,qc6x6H2oyvwXCT9pZ,PEWZxZ6SooovmnCqQ,swFCvW6eA8HWhCWFw,gTCeqWaEC6ynFa6Pm,2EbAriWzs4azWL5S8,4MFvTMZxCwzTwmL2y,kobJYioMhzeZKZnyo,oYN249HbbPE3WWhYc,gik4upvSJX9wFrJi6,EgKzvgLBMXRDJ6W52,iXnidWCMRbirHzMDz,tL8B2ToScAZ2wbfN7,tjYAYdhhob73DLdTK,mHrvkGws2axDMBKtA,ACyAy7CHcmF5NojQ5,r2hXwmkjtHMBG8pWX,fNQSvehXZW6Px5uwX,rnoktcSCJpMZhn5Cf,gg4RYwuiEf4zoy8Y2,JjYKpJPbKjX4pBgi4,LuDRsKsQGqQPXowHe","23PvMwthqjQstaoR5,JeLZzskq6hsLXC93c,X2xxPPZKBekbTKfth,XDqPthrNDbe8fknRY,uJWaXf9gfySdviWTL,wcqH3MeeC8KicnQmh",KJcgy4znxzqupHxJv,2022-10-11T18:08:24Z,setA,"/experiment/tangram_A.png,/experiment/tangram_B.png,/experiment/tangram_C.png,/experiment/tangram_D.png,/experiment/tangram_E.png,/experiment/tangram_F.png,/experiment/tangram_G.png,/experiment/tangram_H.png,/experiment/tangram_I.png,/experiment/tangram_J.png,/experiment/tangram_K.png,/experiment/tangram_L.png",full,12,false,"X2xxPPZKBekbTKfth,JeLZzskq6hsLXC93c,23PvMwthqjQstaoR5,uJWaXf9gfySdviWTL,XDqPthrNDbe8fknRY,wcqH3MeeC8KicnQmh",wcqH3MeeC8KicnQmh,6
8gqBudziFTfxbfF4b,2022-10-11T19:15:53Z,8gqBudziFTfxbfF4b,kDnpgNxCpCTo6aHS4,"4MvZALw5ZfDZkp74f,3g5a9SyrvBTs7wPko,9r42dyA8SGPXeoH5J,r7CrKWPSGgt27MwFr,T66F68sa35jkbhRLv,bXc5Fu7v2fnjBkEC5,egBQng9GQvCStAPoq,PaPd5N8rqZ58bKgNw,4CmTmnRQbQzNb67xC,LMPhFzdoe5WMzomWw,KJXrDi4f3XEuh4ond,LgLKxQjLwP7qMLM6L,FHE9BBHWY7iRhaLbn,3H52Prk82JaRk6Drw,4Nkao2xoyZDSCSd7v,FbBTzRJaK7LouEiuE,oRftL27SqJk2yLjcb,7QhHjZrxEP5i4yjRY,Pcupyw99dQZeGhXeZ,pLgxwnBE6b6HG774t,YYQikMtmvzojGfd4F,qXfhutCTxWuZ8P3yF,TikNdKa4xmAtctRsr,xjfmGxxcZ92qP6goN,fEnxihgFvTTSAMaYd,fyEwCRH6SbvncJo2W,2vJtFAyy7nY4S6wiS,DFaMEHGRANr4huEbu,7ePbwMfQcaAwopEvD,BBF95Kf9yQSpi3wv4,AHZ8WgbZwjptMJw6n,QSYTanoaLNxYspigN,vazYtLpHiHBdPm6Yp,txJ4AuvXLSDic5y3i,oGWvRt7zmWoT7FHNc,bjHbchaWEtAZNeEg9,BuQQTxk56fH54CSre,o8nJbPeuzHvt7Be9x,A5GoNW2x7kP38MvtD,MPKx4ZAT97MK8eXDW,585QB6s5hMqQGZJmP,TmiRqM5gF9rriXimq,cCtyWD4LqMQLRS5dP,LQfcmEnfPP7rsjfiB,cLNTJm7u29RdNPCzh,NPXADBtpKCZxJJEgT,W8i48RERdbknTZJK2,zcP62rss259X5ZSFa,JivnF7W3BWb3L7a9R,BhAzydffPojQpWGSF,p38JNaP2jKHiGjXhn,GAtZd4niQvEFi7Zio,45XaF6XCZxs9aM6s8,xxwPryHxZWH6BPg7a,kr5zKtMrjppT8Ekc4,ESxg7YrzLdQeGr7aa,qEMy83smQTzbCeEgK,5fZTC7eKaAGRuGgv4,v5beZtii8HfNDWvFt,9KTvbJarHHakguvJZ,KGL3WttFcC72cMpFv,8Rkrk2Fhi5fkvMHgg,6Mv7ueNPmZ5vjcEtY,CuSiDyXiAqTxo9o9z,5qNsj5GbtgerSqQow,sQMMJMNYswKkXLxt8,SMfNnyFr2F2pSd2jW,F6DWJF9jtxkSevZwQ,KJg44x6wNF3h3wwBZ,M47iN5HDYiSbyQdTo,KnYuM6ER77cM5DvkD,aEadbDEWaNLmSBAzB","7TGyFjStsSDQvdLYa,NyKk9pa2L4bYkjnFP,aYK8ZoNfGZkfHCjS4,ebkkvwS6kvCXsuP2o,w6PR53esw6eJMvjjR,wjphgvSoGvfpbQXBf",TMiQ7HKZ5LABDsFsc,2022-10-11T18:10:24Z,setA,"/experiment/tangram_A.png,/experiment/tangram_B.png,/experiment/tangram_C.png,/experiment/tangram_D.png,/experiment/tangram_E.png,/experiment/tangram_F.png,/experiment/tangram_G.png,/experiment/tangram_H.png,/experiment/tangram_I.png,/experiment/tangram_J.png,/experiment/tangram_K.png,/experiment/tangram_L.png",full,12,false,"w6PR53esw6eJMvjjR,ebkkvwS6kvCXsuP2o,aYK8ZoNfGZkfHCjS4,7TGyFjStsSDQvdLYa",7TGyFjStsSDQvdLYa,4
XPDgovNnwsyppFmAf,2022-10-11T19:24:38Z,XPDgovNnwsyppFmAf,kDnpgNxCpCTo6aHS4,"w2Qafi3KPDei7EhPo,NNBrYhRxp9ixY8ZLQ,JvL8XDDk5wPAA5zgS,XYSWGRLTuq4JwAaM3,ZC3y7HpBMuFcYPY4t,4wQKj8cCQ7nDYE5hS,c6X4LurJL9s2xXdcS,A2iNztC85E7tLDy5G,dHk32f29m7pQZSY6H,MbemLBDfEzcZig9ah,jEsjtnQKP8Azp9pkt,vA47jxktqRi4Dz8Nq,pHzEqExu3b6JFkPey,jmLBeRpSLJ4JXS8bT,6x5HSRn7u2wC74s8D,4PPJA63aEQTSiF4Rv,pQc2eTc4Qv99zoTRS,YKA2gXxQDr2mBw3iC,iFoTL4Lt3wh4zcMy2,JEEYxNEx4KNi2mcKa,KP7YEp7kNENWJRLik,SWjacPYE5R8cZiZYf,SD3r6Lw8M2bYHwPpR,KmLziQSvMaNQk3qWA,hvMXDQuNQnScxwpuY,Jft5Jro3uhfoMeXb4,6oA3WFEA3xzmPz7Bc,oLokDFQeB9xwhk8Pb,awYNaqP7WEsGA3bSE,A9ESepaX9EbTMvgrg,QMQKykQhqyX7qkvvt,qW5QqmDhNf2MMjfcZ,ZxhezSncXEzMRPKSM,jp7kErfeEm9HuFkXD,PZ9oojatw4y8SpC93,aWmMiakaJ64fhrmBC,Ly2rLRe5nsgdQHLgd,37wqcegeKusu5BPYg,gr8gLeqFn9zTW4Jy2,D9KBD5KXFpTkebbSE,7DoetsQGk9ASp3gLN,4RiiHG4Nw4tgSMoMF,dsQCs2YStkuhgpHnD,sfxDd9n6qj7bFCH6B,C8AN3Z3r8bFekyLuW,b8wfp3pb8WS5SpEhc,qq6Rc4kd852CQy3rY,Xzdys6ikHhTXLyxik,LEC69kQca5LKPFHDy,sMCa469PMFtAY6x5c,4W7Hbvja5cmom32RM,z68bkdCAx5Mcmt6zK,RtSLHC9fgfF2Xe75d,LntEGnqZgDdyEe77R,MgKoHkuMxeRnCrArL,cLZJTyDvMKmNchuSX,QrSwDYFFJ74bcFkMX,6wDMmkQEHxkhdBfcy,XDwqp7ZpkRWREuLfR,oXKGbegLqEpqzSmpt,bzxLtdLK9Eykd38iD,wMm5p6tiEdyTi9fp4,8qtpYB5roBbsxDAeW,wEEMsSFShMZF4n8vF,gHaH9bYukiFmE3aNj,GNktd6cMj4iQFfcqK,5qQKcP5n2iyDiWE7s,gcJggY24ip7QhdG6s,sn4gbS3GFMg2dY6Sn,ueFgRRsXK8nwzacqu,RyysPfAcs3qqQe74e,XLLoEXZjGEmAJGcKK","7uRHiGAzgboNjPkot,PWcmu238jdp2pY2Qk,XnezJansEC76opNf2,gwt4PNWvsk9BAK8Ed,n38PeoPGxv9dzNB5X,xAkXyL58Snv7sWJpi",9T5KShoZ4aSXyjoM9,2022-10-11T18:12:28Z,setA,"/experiment/tangram_A.png,/experiment/tangram_B.png,/experiment/tangram_C.png,/experiment/tangram_D.png,/experiment/tangram_E.png,/experiment/tangram_F.png,/experiment/tangram_G.png,/experiment/tangram_H.png,/experiment/tangram_I.png,/experiment/tangram_J.png,/experiment/tangram_K.png,/experiment/tangram_L.png",full,12,false,"xAkXyL58Snv7sWJpi,7uRHiGAzgboNjPkot,n38PeoPGxv9dzNB5X,gwt4PNWvsk9BAK8Ed",gwt4PNWvsk9BAK8Ed,4
244HZEA6vDgTcLdLs,2022-10-11T19:07:26Z,244HZEA6vDgTcLdLs,kDnpgNxCpCTo6aHS4,"998xWKzvgmhi9XB7T,efNbc3zuCdTnL77ZR,X57gumsKAcE4knBgT,gRQftdRaZmXpxN4uM,EyXnn78CRohXMNsY9,MsfZ4pBcc32hLhCbW,tPtD3BTCt66oEZSwA,8K4myNpGkjaXSrnyf,gpc2ghwjEuPQ9ryFk,t8izX2fwfcbQGRzCu,LdQsghE9YBtwwK5kr,q2wxo3Xx64poFfJnp,hncqdfR9huDNiiMow,eQP6Qskkm6d5xXGjX,MqYTPqzxDGYGGdNvp,adrpCAdLFK94XwY2C,yBHyhkwegB7r66Cf9,ZPGvuE3ScfsL2cBsQ,aXGnRaJeaJ5o7m6vL,q8xe6qnxCYi7iov3w,EycEDBJScnbHWQbKE,JFDTEFcn7gRvsHyQ4,Kda2MJtn2RwtspwhT,CxreCCG3WHBNs6MSR,Gts5wAXGk2wBP44dx,Lt4wPmgAxkrbSfq6W,ZyEphLiWYc8Cyds9f,8ookPQ3Emg6yeSTbw,ms3bteZrPdnqJpRTY,pD5ZTrmbK47ehxrDe,JkBhYtEWbzxvQoseu,K3rLdhTbmLducG6Ej,obvQcWGCMjG3ZcJeQ,jsJAwnHkyDswv2fMx,ru2tnucbFd5ZZZqtn,rbzBm8vxfZwc7aCPW,GosDSEQjagQyXMFHT,D6qCQKAEjuWqQbJ8E,KtFNMXcXSbmZ3HXZ4,FM7fKKfmnnwj3jhnG,iiXtXCRoRYwfjACWt,wZ8gQYErWBtCDvcRN,eaMuky6Kizbt7zA9p,YuaSSdg8PruzPNbLr,muukHS7pA4MJLznio,F246Bv6f7ziBreCn4,t9evww5bcWTgBsEKj,KZythzWKvMXFAdt6H,8Ge2cqmwWEfvEWijg,Hup9tH7eCZnceGJ8B,JE4PbHxnkNbjR5zoQ,4BuFPxw5wx6eaosSG,zX27skzGQLtxoTw3R,Ada5SWpcrrDruL7iw,qim6r92BpM6C4F7Av,aycch3fej4HepR7cz,92Y6Z2JEi4SDWicCB,8CuL9iusQt43Wcfaq,4xJ9phB252cZwPAoJ,YiEnMA7tsKzJmxYLr,vd6ueE8sDoDxGuBfG,BDvgaDSh9hs8AEwn9,yHqaDr9ouvMcXQxBS,msf3YzCCcbH8pcNgX,vDMNxvyqnZzrRctNq,MAEEKmY5t2tFigb8a,rnQPvrsjdEErnCcez,kfCbERffLBeno3om5,D2MAmXQ2LTkPzu34o,NcC8ucvH6baNehjGS,RMznBmfTXgMW2dYcE,BRSQj4p8bB3fyaqTL","2zK9xpwyrcJJ6z6Ws,4ea7bGNKzWahMFB86,PtvxJPLNpq4iDzXsf,cvvHR2a2Msrdxw8bv,diTdjbko64bgvcaXB,qqFaAChg6PZNLvbix",aJG6Tu9uRKhxDkQzG,2022-10-11T18:13:36Z,setA,"/experiment/tangram_A.png,/experiment/tangram_B.png,/experiment/tangram_C.png,/experiment/tangram_D.png,/experiment/tangram_E.png,/experiment/tangram_F.png,/experiment/tangram_G.png,/experiment/tangram_H.png,/experiment/tangram_I.png,/experiment/tangram_J.png,/experiment/tangram_K.png,/experiment/tangram_L.png",full,12,false,"2zK9xpwyrcJJ6z6Ws,diTdjbko64bgvcaXB,4ea7bGNKzWahMFB86,PtvxJPLNpq4iDzXsf,cvvHR2a2Msrdxw8bv,qqFaAChg6PZNLvbix",qqFaAChg6PZNLvbix,6
J5gYJw8tzaF3TwhaC,2022-10-11T18:50:33Z,J5gYJw8tzaF3TwhaC,kDnpgNxCpCTo6aHS4,"YpFqp9yK7ZTYn8fZ5,p6fs29GM6dH6sqvwb,GbybGFuXSCjmezQHm,NJxfyesuxfBYnwTdS,PpntSa4otsbx9FT3J,EwbAMxQH9PYmBqqja,v22TsjcfSiwFCdLde,HoqtuFryspdcgarYX,oB79yZeaykQy3tfe7,i2EYTa7egWS9hGqwE,WEkoBD8EjTkvg5iia,fNLYJKuHMjqSqF63P,ZLGrRwr6NZheeMocR,ju6QwGjxbm5L82KfH,APcLEibkWEhGgPbD2,Qq3YgrSfNZjwMRFQe,6DtSHEYqiC2apu7XY,FnMNvsQSmtau9nEud,y6v3dso6usHfZf9vm,nZayyBeKmB7niWRpa,uQCtXdJPithxJbJyp,iTgeaKDeFhcwJ2TuH,N4H6yfzCf53ZM3SL2,AvxmAEHMAT9SkDC4Y,m4dto8xR48byKgTvY,2CRwi2MykEMjYg6b7,Gjnb4iyJ6MycuSSiK,9E4Thc5LNgkqGRCE6,xiQsmmsxCMiGvDAmg,G33swQwQBcmDASKiB,ZNJ98Mwd9dToQeyfB,sn8YPuEJxHcBuqTZe,AE2umZsKKRrNn5FaJ,EKRp4RxoavBpWjYsB,G55XeSWw2dmagupjB,TfNKB2dP5vnzq5RYD,jdEzfQhj32ABRMEXX,23LeSPjqbk2cSi2nd,bbLqgD4pCZHRhALwm,39tt5KFhc8SxSezeK,GDNBMR8hMMqaWN6kG,ZZT3nzHJwtihRsxgi,MBSjsDnxaehdx4ZPP,xo8yK6smFgFXtSWZQ,gT8jQrkFFngBLC7bT,cZjXW4eJBop4sGpGx,Hsn723GJZ4op3YZKB,Kn5rF9hLERvfDb5PK,3tuS2gnPt39QpWJZC,kke7kkpJnQZC4d97B,gEtcomH2GGWgg5ZQR,M47TyiPFFKvkpqfgF,2xjhrn5EwFbNheovE,4javrkJbSSQnHNWP7,cEvY5C2Ep2piNm4cL,CY9pnq6FuAgBboMqo,JWwJoBsNmFg3dtvFQ,pDzG5vxgRCTvdbJi5,nBqTx6yWuBBE8tN6t,DKREtYMdk7DTTYKdS,u4EaTKXssQkymw4w3,q6JGiLnsR9PKMtw87,Wo3gKMGSTA3pwzwsQ,TMEXZkguQ8bKrnibn,msyaad2bzLGjxS5KL,EGgSnPsrYEi3Jbsrm,5WdMbveEpazKYTnBq,RxLvJtNQ6o862Dov5,eHkYDmanaJXTWyLmS,Rh8XJBYZmuoGvhNYa,o9sEjwgovwJ2NrHva,D9umcsEzZSXJG8Zzy","MAeRLuR2CGsdLSwHT,Yhp6ZinpdiS5TfpoA,gtDzuXk9mJdrrQWu7,ktt7gPefcJxJ2LCS8,une4Y2PPNisBmu6L7,xXiyqy9CQAerp6KP4",MwTgFc8CfmXxCZTRp,2022-10-11T18:14:42Z,setA,"/experiment/tangram_A.png,/experiment/tangram_B.png,/experiment/tangram_C.png,/experiment/tangram_D.png,/experiment/tangram_E.png,/experiment/tangram_F.png,/experiment/tangram_G.png,/experiment/tangram_H.png,/experiment/tangram_I.png,/experiment/tangram_J.png,/experiment/tangram_K.png,/experiment/tangram_L.png",full,12,false,"gtDzuXk9mJdrrQWu7,ktt7gPefcJxJ2LCS8,xXiyqy9CQAerp6KP4,MAeRLuR2CGsdLSwHT,une4Y2PPNisBmu6L7,Yhp6ZinpdiS5TfpoA",Yhp6ZinpdiS5TfpoA,6
BTbGhXZvjdSFubTBg,2022-10-11T19:17:41Z,BTbGhXZvjdSFubTBg,kDnpgNxCpCTo6aHS4,"6hPwm6wrWLQHBdY3y,pZptpdT3ZnErBST97,sCHTBW4A2bSsrZzA4,Xoffj6Trs4m5QRmNF,PL6idZqSFbxBpcLfG,LqXo3GCsvAGxPmtv9,S4yZpJL7EyBveAnG4,QaDNuqxYe2Kh53qqT,mJjSGEkCNDkWdyuYa,ZWdRmQDzJDyqd5heB,hH7MAWZ8iWc3MQDcm,wK6g4M5NgCAurEdtX,5PJPLNwqu6xLprGKg,AQzae5hteanzehc25,tDArDzzwhDotorirg,MQRKFsifdZyfFk6b2,5zhwpHDGtg3goyqXP,MmxgwfhyLbJvRL6e6,QvGYZzg3Zow7rdxCh,WonfbdWDGXCfyxbNj,gsDL3CzEyGL2oSrQD,m7XoB8NMQNhfpe9wW,wypnxBLxZqoEnC6cd,E46wCN7Wv7mfuRKnM,uJWXTZkbMPY5KkLJS,krCEaCHMmX2YskKzq,ddvmihFQia5goMGFr,Kkms9kSmCCKDFMR3i,FR84zzib43eq4QPmK,hmxW6uooYfC7Zg52A,itAwFSDKsDmqdB2kN,bYxPRjt4egBYAL6g2,2eazjyry8CGyEYYYY,uFJLny9wuGu2ndN5q,EzzBAR6qm9L8v67vW,CJcf2JGDhuGZwhSus,m5xjuBiQxirFJRPmr,xQ7X45tMcNLaLAKK2,eqnFaQRTvzjYxM5pJ,hZ4zeYcrszTbgEqLj,euyTvjAC4vtNzQqJM,GDN7pFbiN6ov4Kt3k,ExrsoAENtTDKSZ6SD,6Tbnoxgx8PTkRGNHc,e6fGG3Bo5qkHdicDf,cqqT6m5hLbu9wSLnt,53MogRSa8kfEogrod,RCE2A4EDdE87LkDMF,qG7o3eyFm2Hpr6gKn,Mv3EQugLwuSvDYtTs,7MmLPPRCAz77qrTyd,P9wMf9MSe8FRKFEmR,pxCALjR3cyvQFSGWv,hhW69onJoLvMz5EH5,r5w4XvxHkB9GTLc7w,xrjcxWBachYyuwfJ5,5LHCd5GAGnkYuit39,Dkyiyj6gRNyD87Ryd,JRtx4ELKmRaHpmkcS,nD8HnrimfoFKWXYFm,fQmQ4JFcpvM57mgum,y5z3SpuR4ckRH88ra,Wps3QAQZPS6sFM4Zf,bdNDguspfJejv4iLx,LfR8GgAc2JaPpT7mA,nFfJTD4bjEMdCrQTe,v76h9zJzfoqZa9QrP,ARBs2uNJd5LqLKjqa,sWDJv2B3JG9ZKte6S,b9F2EcuyRMJHfxE44,CwoKN68T6Yy6i7zM3,6wAWKRF7KhFksDfc2","9nyyLZ9PJhX7LnAx7,EnZxY9HcC4c6WuCd8,WXmyGwByDtSr3gTyk,YZav64FB85yPmwMCq,j9qfbLnF9TpFABZaJ,teS8cAZWPXbdKTZP4",nAmzszk84MKHhYZFS,2022-10-11T18:16:03Z,setA,"/experiment/tangram_A.png,/experiment/tangram_B.png,/experiment/tangram_C.png,/experiment/tangram_D.png,/experiment/tangram_E.png,/experiment/tangram_F.png,/experiment/tangram_G.png,/experiment/tangram_H.png,/experiment/tangram_I.png,/experiment/tangram_J.png,/experiment/tangram_K.png,/experiment/tangram_L.png",full,12,false,"EnZxY9HcC4c6WuCd8,YZav64FB85yPmwMCq,9nyyLZ9PJhX7LnAx7,teS8cAZWPXbdKTZP4,j9qfbLnF9TpFABZaJ,WXmyGwByDtSr3gTyk",WXmyGwByDtSr3gTyk,6
yuahmMCJwB5LLGYHB,2022-10-11T19:27:44Z,yuahmMCJwB5LLGYHB,kDnpgNxCpCTo6aHS4,"EyZwi9Wz9RqmvXioj,WrDkseDRKHdMCyQ9M,5YEgsfRvYgfZsLy2W,FocywY7HH9eKdfA3p,yoxKT3gXD8hvW3YrP,DjB9KaDXXa9zpPbkr,wi2ASKbNHt4GuzGzo,cc2n8BtbWZXLrWaj9,PYvM9ZCdConMLyERe,iGr5AiRKP2a7XTsFN,36w2G6JnsXWk4gpuf,9Wd57GgwRm24SdNxi,nrpbuQof6estphynJ,azYSntXrQFvpvH6He,Nav2m8wDCCt3AAEuA,GhWZZFDXvbzYtHxnc,GD5dXLbmdiNJFY497,gbB2um42vTjxQeRnG,9CXDWaCkB93m9CSHn,cC57bmK2vrRMtbQnD,hZouMYDcJaZRuEmqh,PczWJBiWWCWqFLeML,4wMDCkEmdMXZRyQwR,4YsRc2vFGF45N4tQk,AcWRC5QYZPo2z2jZW,HF8gArWfLSQgkWmfK,RyWcL8GwHZD6Z2wyJ,JR9ypbfqenxjb6JCm,FCEQxfvRs76k93ykm,XDbaPkNymvK2uwLN4,QxkptvTwP827Bqun5,HwpbNauHBttb64AaG,FTdzoZTvzYaNrhomC,k3HJekQ7PjBiTAo3C,o3aqoYtaxoKrhmWpx,KwbHHLZzKFut3hxRH,jCJBhcrrKM7AtiFke,GLPxGxL8XBBvytZ3F,nA9JMEjcpnDtBb9bB,H34jRtTdLipXAguYE,49ZpK3utPKs4w9yD9,WxFiWCGintZ2S4Wyb,zRnF7c5EhoniWcDg2,ZWmYT2zkvXJQy2G6u,ZpzRtgbEC8HEbfYaE,kJr5j6RfJBFLqWcXB,o9jbZyFhBpKDqAMFm,GFw6h7jEnLQHGDsyH,6prfqQ7gzCRNvvGdc,irNZQwKr8MYRnyDND,JLJJMHhAAw3XhYsTA,NkAs2KsAm2XmB7y7n,J5SvwE6iuBoQEkg2Y,btenaJxZe85q9cNPZ,6kE38HrpRYhKCu2YS,LJMJm9p4NPaY9j3fo,2y8DoGuB695G3jkL9,p5fuYDpaGBSAmt6gv,WuiZ7PDJD45TtfR8M,KkrjnYyZzsAquAimC,JQyGwnWXQkPbRudik,FBh528Gb2boPC7N7e,3vZ262fHCBpTzZm5D,HK7CGiKbpnBGqpuxd,eGtjkkQXTRLy7ndA3,qYFsgdEwKEakFGK9D,Gpxw3EnR9ZwebLCAL,Y8vzBrzNz76svPYfa,oRvriDeZuLx7ENpAr,JGEJNxwWfrNdQ7gfG,byyBasd3qLEChBjgj,haCfqcMYGS4TBcHxd","2bFb6556mpGYTXBMX,WLChjCXuws93NcRaQ,j6fxcbeutcwD6a2so,pKMpcxEhoBM5TK4kR,vBeq6yLaw6CmxmPzL,wsLdpFXSWJX5oFAiW",GdSri2Ci6uaGLwtLf,2022-10-11T18:18:20Z,setA,"/experiment/tangram_A.png,/experiment/tangram_B.png,/experiment/tangram_C.png,/experiment/tangram_D.png,/experiment/tangram_E.png,/experiment/tangram_F.png,/experiment/tangram_G.png,/experiment/tangram_H.png,/experiment/tangram_I.png,/experiment/tangram_J.png,/experiment/tangram_K.png,/experiment/tangram_L.png",full,12,false,"j6fxcbeutcwD6a2so,2bFb6556mpGYTXBMX,wsLdpFXSWJX5oFAiW,pKMpcxEhoBM5TK4kR,vBeq6yLaw6CmxmPzL,WLChjCXuws93NcRaQ",WLChjCXuws93NcRaQ,6
xxh6EZ5ESMvTDboLx,2022-10-11T19:06:45Z,xxh6EZ5ESMvTDboLx,kDnpgNxCpCTo6aHS4,"QSMRGRRKakdLwC2vm,kW2T2qmJbfThb382i,au3jdTmMoDWEgMhMZ,s2iAoNywQ37MbQGYP,JLQhAb3vgS7W7Byim,KZjbgYydWLCbxMKgp,xPAzxFaJc93dPFBgn,fsjSDrLy6YrnoFNGf,ZcbqFXneHSXG78Xcx,LoxBBb9hmDawdzkXh,RjcHxHaWnxwjtSre5,mWXYrEmeaHgMMnpC8,9BLJA4PWk6ys385WK,EnQ2nY8XxoptGFHxg,j5X8T2SCqDGBZLDHH,vRkvipQRbkgMoM4Bz,P4q5dagvrSsasaqrL,X4DFungX92F6keaJn,6Prjo58G9taqobTgT,pR7f5u99A4ifuYTKC,DTxhqCZQLwjevm5oX,Qg93hAN37T29msx8S,Yrov2EDaBs2YdY9Fe,n3d9bYauZFNKbL8hK,cXwrpLZ6ERBaYFQ32,45LoX5LzZQBw9Bzbi,A7TSDPdq9aDnNPBvs,YNeD3mXvaMhpFpiQt,fgkcRe7RFhp9iJHe5,5oggW2g4YnxckejCe,mFjcdSCByxiByfkL8,QNeCy8gh6pnHBqKh3,ZzhXQENrXwh3aYvpZ,s7Y3bTgSSL4A6Ktch,kqXuXwqs4wbc44hzF,wKCQuB2dmoTcwbYir,NtBjau5DZQmrsBpP9,L2xnZJtyPnfEs8ro9,mruGiAq8kSThembEY,ncKdaxRgk8FACPXyr,bWz97t9BKgFQayNGF,Wcz7LLPCSzSLPYqnX,SraPPyug25H3PezPE,k44QYn5xYdh37ze8o,yJ8CPtcNoMDg7rPFv,jv8XMT7NoyQrWJibN,gyqZeW8h53cMrPuZh,MtgHvkuGTdhAwyCNF,4vxQvnmMLjnYqfMvL,d7LW9f5JRDC4oR5JG,ABXXBWeajGfAmJvuA,yiwTQg5ZkK5x3AhQY,BBArCyyhgMfLMJ245,nMyzzHtS5diJnMxQi,DcMvGCB6eMCup9wBi,RCasE9p63MYA3gMzp,GbJdzqhE9zF6rovDj,DWnszkvH4jJWaDsir,8FBnJk9nyBrnkntKG,ZBXP3Gp237C6sR2Wk,STMMZ6Pjr8ehfevyZ,WXiAAiZAGe8ZSj5Dh,7px6N38CcXjiAWHSd,e97raEGm7yc2DM6YJ,L3cbunoQwyfL9nGK3,bvpZ3G54aKuADbJD7,XeGSfGh3qWrebHarR,37H68BWKtcEg7byWd,8HzaBiCsuFnqKe7cv,A452pa3ktpJvhfij7,j8xB7q886XXHqCKKN,Z3tJheK35PqJk6Qhn","ETWC7GktmiQ8Fmtef,LBokESjFADteqKQNP,XZarDNTQFqGe6N9oL,h88NCmMbcs6z4zQ6Q,yvyzBPdwWbHdkGFQo,zcqRxQzJyjP97x453",Y4pc7uoSuKaHQEqQr,2022-10-11T18:23:00Z,setA,"/experiment/tangram_A.png,/experiment/tangram_B.png,/experiment/tangram_C.png,/experiment/tangram_D.png,/experiment/tangram_E.png,/experiment/tangram_F.png,/experiment/tangram_G.png,/experiment/tangram_H.png,/experiment/tangram_I.png,/experiment/tangram_J.png,/experiment/tangram_K.png,/experiment/tangram_L.png",full,12,false,"XZarDNTQFqGe6N9oL,LBokESjFADteqKQNP,h88NCmMbcs6z4zQ6Q,yvyzBPdwWbHdkGFQo,zcqRxQzJyjP97x453,ETWC7GktmiQ8Fmtef",ETWC7GktmiQ8Fmtef,6
5wn4MiopXyfXuTxG9,2022-10-11T19:48:16Z,5wn4MiopXyfXuTxG9,kDnpgNxCpCTo6aHS4,"cNGkLva4iBhdE3NvB,PGnKJXmdm5xvdpdoo,SgKTHtpYz4HjkQXAM,P83XGQfujTCAGmWnv,iY9f5kY5KZwtqFt7i,yE9ahyEkD5iyjYN9t,FG79DZSkBeprt3Pf9,oNkmiSKaZ8GwdeFmp,Rr2tSWDb2yH97ohjS,85DZBTQH9TqACNonM,9ukRxh7GtmNQ6tc4R,fBNQHi8jZJP84pXvn,65hLQ6CY5MDpdAgFF,d9Tp2whkDeTAHqSM8,dcGbcYesFzf6s4hKj,T5Sr5HBt4RaYtwcBS,iTBvpTd2APktuESCd,CgRe4eAu9duA8GJqm,Tm5npNrRqLmNJbjx7,qgfnwgrwcJdRWFQix,aruaADdYPjdYmyvz3,yjnkwo2LAeQ4tCwdw,iwbu3LkFepmGtqHfy,gu4Nvo67giLpp3EyA,xnJCpaEzYiDqath2n,6NQ3hwdjZNrenA9Qk,gcBKagGYtCYNMQE5m,AwjwT3dHBTa4EckPG,ECzZDptazPsJqkeSW,hYxtKsx3qxSyLjPCm,JxvW97MQ6wyjd5Dmh,hnMFe4HJ55vdBepFJ,rEyNK2AoQT72H6r2A,ouS42ZixutgkKBzzx,6YToKaSDoZmbw3EQF,K8vNAegyETFcsNPS9,B2QgqZmoMoBkMgGoi,ZiDCdh2Wgg6rw2a3N,rfi92qXCxS5rtx7ab,ZfgLemqXRnPq2JXBf,WJZNR8Am7qwkTkKHe,ptXNyp2R4cyacpeC8,LXFi8rZeGspjjAY8t,w9jyfSwzn6Xbe3uuX,cZZkaNKmAS9yi6QRd,LGYi9dkHd5J6raDJk,rjx5ERSax3xeaKZxc,MThhTnkezLmh3j2Yf,F6TQkvoiJtzEYCnkx,S7RFcgJRaF5Kyh4SR,RTjtawwy3k3vJvNFt,HtfMQhjiuD4dr5t5h,449RyPqNCAxC7R3bk,xF7RxrDSN8c9CCq9r,hrQaWCnsXk89vCLEJ,bp5uwzSqovrRdhfeN,AbdsFxfwxXkoZxWE4,Ftin64jZ8FiLKphbX,rx8EPpAKY2c5FTWPN,iWgzsKNb3zSwNA2Nu,XtX5EyTE9DxcFGg2d,mahtY3DmbPsAANBjn,ARJ8FejPACcxr5sWo,dHZ2eehe5TgssCyk6,JoEjovrKmWKidBdx9,eFjvCv5Pax8yBFixh,LFPjKQ4Fcc2haDER9,zQkDEfHuLoRzmYGbF,sNmxtTyAL2Q7pBoM2,TqiQQZ3FKx8N2SEG7,73iRpXPQPgzx86BDa,xELjKpSsiaNptdmcu","FToX8tdjqygE8b67A,HJoHFMvp6qPSD2pXk,QZ56GyefsowJZaFFq,krufYfRwDYfYGxy2G,wrpEsPrQfGFjgF6za",az9Act9DQ9WdZTGJm,2022-10-11T18:29:16Z,setA,"/experiment/tangram_A.png,/experiment/tangram_B.png,/experiment/tangram_C.png,/experiment/tangram_D.png,/experiment/tangram_E.png,/experiment/tangram_F.png,/experiment/tangram_G.png,/experiment/tangram_H.png,/experiment/tangram_I.png,/experiment/tangram_J.png,/experiment/tangram_K.png,/experiment/tangram_L.png",full,12,false,"QZ56GyefsowJZaFFq,FToX8tdjqygE8b67A,wrpEsPrQfGFjgF6za,HJoHFMvp6qPSD2pXk",HJoHFMvp6qPSD2pXk,4
ubLMx8izZC8ygGh9B,2022-10-11T18:55:19Z,ubLMx8izZC8ygGh9B,kDnpgNxCpCTo6aHS4,"uGPNAn7i65Bq4pMGS,bDDRMXgoGYaw9RSdJ,JvR76nxsckEZZawdQ,kaij7Eh4KaEvRNpGe,sMtLvDPG7WGmpyxfK,G6JPoid82rbhv2eeo,6ooGxxKfysMhZuHJt,BFC6AthtPb4NnXhPr,ktsJWagNcjCBMR3qe,MngEE2bFrqGn7QdKC,jA2xTrpWkGiDY4cNB,u8Brng4CfAeK96Mgh,AX8EyxGpxTtEcFz2e,uiLwCpP55xdh7t3gL,ScAyzAnGEZCzxcTkX,Y5FhjuNTZRwArwppp,pg7aFkmCK3pTM3Bdc,5QW6f9zCq4Kyu3hkP,d3yqGafiTfARWqj7g,JbErHGoxsLpfx6vXP,sbBnhFyLZ4NmPNYyH,6KAy7HziuavP9uFFC,YWgtZocaTLHPXzFAM,PGsMngMkfeZfhfia2,KoseRRDTmTKfB6x7Z,gyQR9SyYdHf8nxvJN,SJurzFp5ppsEHFvFu,KZhdEXm3NimrsKdKN,hLsCP2mahpjme9YiF,KsRkF6BzWnCoX5jrh,FSE9FXAqToXi9TbbG,9ot4pguCpT3oixG7T,w7omTYuzAeHeoZWD9,KMu6Kj4aPZmJghmjJ,4gyDPj66JqtkBDYb9,ZgzYmGKCrZiuTf7J6,34S8XrhGsbH4Hdiri,CR7q7td7DwGv2RxPu,PaKzCLNZLXcRtAtvE,6NFpxp2HDxadkoqxc,HJjMoGpkJ3773XMyu,hdFyWq24vF77DSsz8,ae93bg5uBknx6v6i3,okF2kpTtPowwHhGJT,C58kQiY6ZiHWW5RjG,ccDw6ZNzdQQ4RdH2D,WhW3Q238PjDEQYBAw,8Q6i338Rm8Kdsxaga,qrFZEoRJmg5vt24mv,5o94wQYmpzNewTvSc,NWacaBTBY5uB9RDDw,4RYXzGgiBiF6esPY5,73sdKPCAFmmHC9P5R,6oWqZReYSP4CW3PGA,vkdoL6x7AptAAQ5Nq,zwxXAdWd83qAjqPiL,YKED8ditZxrGpaKbP,DH28Jo5pmT5SoWWud,eosouTtSkL8wfzJGv,HvaZCDCq3F2c36SZK,zBjarsxsWdY3kHp3H,C2Ts4LRDvWhgLK33v,cRoMLGZfSq7roCgh2,DRShRCzy8TGJpBzNz,KGynyCsFawzwADfgs,FoAeezb9JhRdubrbw,vuM3cyFNYZEdsgjG8,5JeYWAdmPbmXv2JBa,g26vbztMgxnhPXjft,MG8QY2z6oyNRoYPxF,E3KPfLDbFh6uwgm58,YNSG9eYfany8apX5m",5XXPHPCiuxqAAAfgh,pgzGQar9NoXSK23Bz,2022-10-11T18:55:19Z,setA,"/experiment/tangram_A.png,/experiment/tangram_B.png,/experiment/tangram_C.png,/experiment/tangram_D.png,/experiment/tangram_E.png,/experiment/tangram_F.png,/experiment/tangram_G.png,/experiment/tangram_H.png,/experiment/tangram_I.png,/experiment/tangram_J.png,/experiment/tangram_K.png,/experiment/tangram_L.png",full,12,true,5XXPHPCiuxqAAAfgh,,1
rh2pMRzSL4yD44HjC,2022-10-11T19:12:02Z,rh2pMRzSL4yD44HjC,kDnpgNxCpCTo6aHS4,"CFBLjJHhbqShcR8uR,D9bkeDtyX6r2cs4Qb,5mqqQZbqCy7xgP727,MpiFd2PNA6ZM8Qtt6,MMQZa9EmN6Yfnm9Fv,y7Ea89sve2RdN2qnE,zEhsjY6Dqdh2toR4F,vvfkry6BdzLrtCD8m,cwbayZ7sD9SL6srgo,3HK8aB276n6aeMCWX,uXnSLWzK4nuz7pSGd,LDwP36ectFSJt6wsL,umuCYWvEM3AQR654R,tAvPwRC2kKe23n97J,RaaWG2cmWoACEkMNu,pfLn3329zCvPWyrha,y9ehN6MH9oRwDNC2S,5bCpH7PBQz3hwvvzp,5qrJ3D45xFt4RZJ84,8WJ7LwTbWXGDX2u2C,tet5FEz2SYZSn6PDY,d6EakYZy3WDRdQx9u,CMayEJFmegCwGbqib,BPRDhF3xuG3fkLqxH,knn8aZGNHvKEdyWqt,EafQFszjHzWTRfLFT,ERJox5da4QL7rfk6B,ca2cWQzKmxnA3z4Q6,23uMKFG5AZMWTvx6J,pj2NMgX4xmo7EPK6w,yeTWmtj7QLNWJmRcz,oM2DrBNvy7zifdFv6,LAovTjtixARRiHzP8,hBztGvjsEnrTqjxYw,QgroWwLwkbPogqeCz,QKY79QpuqNjbxpPjx,Py6gQfDcdapkQmtQn,t3BFKkDDYGfhvEQAx,wjPCaZfY47CoxrSQ7,j4MzMZzaxJ2DbpqRc,tp3v9u54mzKA5r9xf,orWpmECLaLwMwASNq,JpYhmJEpxWktTHdXH,DP6CdR5LR7vwEat8a,tSF88Qj73rRkvvKxf,ExDPuGrCpBEEeSwgo,yqanKKLeM4em6LGWQ,RGgKojopyW3H6hgkA,Z2r53D4LRNZDq4wM5,f6ucdGRZ4NdTgAS7b,q2J7G6xhYu3KxMCNt,9GsGqzr3tAfGGARE2,NT2zNZEiDcrJ8BLJ2,vEgYitKobNmZbAnfT,2a4zhxTsHCBWZAQ8N,GvXN5ZKj3ncDSSriK,MargopPuQWsK9EFnQ,PZw9dcK8vWPExEQjN,dBQf7L9QoRpbGxuaT,JdxvzcwMA4hwMAYSQ,Fcfn4Fv9aR6T2732q,6YfvdhnE4hbCpi5YL,QvHaELFMHRYPc6Hdr,6Red2iNiAsHKqoW6Z,tkZmHrtZ7Thw9g99s,jbFxKj3tEKjAPHXWw,J3hLChifmLDQEniwk,kXS7qjXitKH9GSm22,KkrmmyjzNRhTpurib,dyKBPCyz9tq58ksph,6CzNKR74Cf6RgXaMv,5HK8hehSqakNAc6Wh",DEmxycFHMer2opHfj,t4AJCE4D4FzyGMotJ,2022-10-11T19:12:02Z,setA,"/experiment/tangram_A.png,/experiment/tangram_B.png,/experiment/tangram_C.png,/experiment/tangram_D.png,/experiment/tangram_E.png,/experiment/tangram_F.png,/experiment/tangram_G.png,/experiment/tangram_H.png,/experiment/tangram_I.png,/experiment/tangram_J.png,/experiment/tangram_K.png,/experiment/tangram_L.png",full,12,true,DEmxycFHMer2opHfj,,1
FQmZmJts5MsgBFKCs,2022-10-11T22:13:28Z,FQmZmJts5MsgBFKCs,kDnpgNxCpCTo6aHS4,"of7a35SxPGh6LsRdo,gsjHAKGKeugmPqE9a,9uWgz3Erp2Rt6y3oi,2H95hZvgjDoKooZiW,DYdY9NCWL34GxN24S,gJPRAZiz3CG6m8tWQ,p8zRjwGuYmdPXSFKy,PGPEHfCsmG7u5fSZx,aiWvYH9bzy95D7Atw,3o8ZREPXS5xa2XE6M,oq24MPiaW6RPkGEkG,YQF5WGEtxo9Zh5dNN,reun5cggQEDPBX9ep,pgML3J3dSvDobBTRx,TnnErju2h8EsPjthN,jKXvjAMYcXj7viboo,mJtQpYFy3H7k8vN96,uDbdThaAAZFw4Ex5g,DdQr2aEPpwwJX4ba3,AZZ8Xmy9YmShWCeyk,DrrLYh6BdoGb8NCAx,627h64SJTmqZkiKFx,8nqkC9EP3A8Hn4im5,Au5PdnwBD6zpek5p8,dpY6X9XybjpQa6BB4,fijtbMw22r93dgCmd,fNp5Ph3fzaGAq3WMr,tEZYvRWtvP4Chjxbu,hHM4YwPivq6zPKWwS,TeMT8BYwK8ffc8nPG,XDGcrcNRZQAMv8Adr,bZ4q4qtmKFXtk75bd,cuBokuLyQatiAZarw,Xj2s44uaRShCeGEmp,NQWKj6EecLDZcRGz9,5HeBnQkx2R3DCcgnF,9D6phscrzaLvQCiGS,QfXwqkua9LEPTBtAT,56An9TNhjyHcuHzpD,aGHmpLsm22xE5yWbD,cNTRF8aoMyPrpstKi,JbTNp3fuqGTAfauXd,SxaaWjATs3dRQe25N,g5pB4MemSxFsdC5qd,cbC6iiD88AM4toj9L,npyZLu7sYZ3oP7WFh,MMiQbjvv8CYbBfpvf,3ufbbjK8yeKWMiGiQ,7wpyHBNGsoYpfoR3a,u8AENP2QPtcFPSdxP,RppRgFSRqTh6KWAaJ,wJwDNaXD6ZWwPuojs,6APuRdmrD7xiD7Pyy,jS485ae2XnTSjQcbp,aKShbiFnxpPKDnaAJ,aGA57C6g3YSAichji,7BQuXSF4BPu5pQmKG,djkRriQt3NRreNmPD,bPF9mjo39qDRsGf29,TCoJNdNtjPaRbdFAQ,6MwAEKPjuCuwvgbKL,EiW54i75ZJ7LTkMXf,7Ykr2Snq34iN2PmKR,wcojCWGFFrsE5Xj6T,nrboudswJAz6sPQEX,W3Szo9JWEnwTdp5HJ,BxDAWb8kkp342oevw,SbbsQT2iHwpxpCY9j,oAW82Pr2864XQuqWJ,pwYnuLusQ7vobZexw,Kooc7vxuFz3cRhMao,FGm96cxXyAcQ9ENsB","4bzGCtgSy2NNk9Q5m,Gxsw5h48XKRyc7QXY,NZzGkr23sW8GWyQKj,cDsQWeEinhKuss64Y,f6ns4f4CHdASAoHiL,qEh6S5ymRBnq9Sb3N",msscW9vJJDLbB2LcD,2022-10-11T21:07:38Z,setA,"/experiment/tangram_A.png,/experiment/tangram_B.png,/experiment/tangram_C.png,/experiment/tangram_D.png,/experiment/tangram_E.png,/experiment/tangram_F.png,/experiment/tangram_G.png,/experiment/tangram_H.png,/experiment/tangram_I.png,/experiment/tangram_J.png,/experiment/tangram_K.png,/experiment/tangram_L.png",full,12,false,"Gxsw5h48XKRyc7QXY,cDsQWeEinhKuss64Y,qEh6S5ymRBnq9Sb3N,f6ns4f4CHdASAoHiL,4bzGCtgSy2NNk9Q5m",4bzGCtgSy2NNk9Q5m,5
Cd78pF39goegJ3bsA,2022-10-11T21:49:56Z,Cd78pF39goegJ3bsA,kDnpgNxCpCTo6aHS4,"fp2yWhAtyw289qAqb,PEzgppAqxjqPQME3Q,A7SeSthEpY9b7b8Tt,Nwb55dFhoeWJkpYEn,vhCWub7NY3pWgFiPe,fZ8HHR8zmmCTbkESA,8zbEmmZKmxQvLtRcJ,nSjhpSaqGeoH4DG2K,NMzNhg5S32iBiJwWY,pq6vNSYhkKycJLbvn,H2gtoQPti6wKtqDGf,o4WyBmBX6L8EpuxCx,PE2pZo4XnyFDrFP3n,i8KKTpBunKQtDASLW,MDftoYp2fyiTBgJxS,b48QE8XHbHn25Z5nP,3X4FPuv8v6ZL8nNRC,GEFprFGBasPXw9ecg,PH4Sta57WKAvjDhK4,anSDeqMYZ5q7oncwP,CkAkBvzsxE3vSXEBZ,T6c94k89DcD2zjfXE,hPissTpqWCnfPMmsE,E77q5QvN6EXYJFMbF,eZTSzvAZHCkPhJG3r,SrYgz83SMd684Wy2T,kk9mBTZePGE9f2QcB,PRebpRg2gBSupB6wb,H6ySKDpLBtzd6edD5,H7jJEGF3QrMT9oPCZ,Zu8BjXtCuoiHRna9o,agwGQ4WNfAvLiESSd,kHkXfwDd2ogKvFTWX,MQg5bdubs6P5oCJnq,AttZmYTmHBNnvXT4x,Zx5eTkwdsvFMBifwD,PLTkKA4cxsEBFpAR7,E7FQLQjHKR6dYcBjc,cMQrZoMjfrmnYKs2F,zCwDckTPGMH98mJK6,ctu9RgYdE6Cs5cAZ2,N8XZHHkbmiJCJFuaX,PFTwWrNuCHRhwsAQ6,aExceqrCdH8zjrHXY,xXqLb5RSnYgz9uHyK,snQfcLZdyFzBb2BzR,BRTLQGpKWzaHZs9ic,39v6WMwuqpTmEH74S,Wq9tTyksziw5eoXR8,CPjoveyAQhyzeB2Gc,vAj9xM7GFn3fdBJ8v,pCL3h2daJWWGFYvzR,azbnmZPZ5fX5T2AXE,6fBP86tJpJsjjHjp2,isyzgihqpHxDqoZ2v,Xff6CitpCbTWMX64c,EZ7nsNhr2C8nP2kKR,byZ8oNn5vPR2zZuAN,QDdbo5BardAFSMuQa,69vh68yYsgniHgoAH,ae4s3akET9nBkmXfk,T4n2HfvktK3r7K68Y,wetJRzDyDGKyDWWNr,Hsv6weGNgxhXmjww7,FtadJJLb7htGPhxZh,dvrqQuAFtrAJZK4aZ,PH8MwYRfRDapPDqvA,5KPmCmbDPt5hfvmHG,A6QpMdw5kxmiBS9aj,3SdhX8ffeG3tW3X4a,aNdJzpG8YLTik2ogY,XfTaqtnXwKQD8Y9CN","JBF8H3iouamiReiqH,YA854Kq94JdiomiiP,msmR7BEnmK3wDRLHc,nSJ4MLf2r4JfzZ4vL,xpK4tdDxbN2bAjrFp,yPPGiJKnx8s7S7nWg",NfhCYtL6os9PWYiJF,2022-10-11T21:08:27Z,setA,"/experiment/tangram_A.png,/experiment/tangram_B.png,/experiment/tangram_C.png,/experiment/tangram_D.png,/experiment/tangram_E.png,/experiment/tangram_F.png,/experiment/tangram_G.png,/experiment/tangram_H.png,/experiment/tangram_I.png,/experiment/tangram_J.png,/experiment/tangram_K.png,/experiment/tangram_L.png",full,12,false,"xpK4tdDxbN2bAjrFp,JBF8H3iouamiReiqH,nSJ4MLf2r4JfzZ4vL,msmR7BEnmK3wDRLHc,yPPGiJKnx8s7S7nWg,YA854Kq94JdiomiiP",YA854Kq94JdiomiiP,6
QzDZ9idpFkW6nHuCq,2022-10-11T23:10:16Z,QzDZ9idpFkW6nHuCq,kDnpgNxCpCTo6aHS4,"zocvTGdzpxt4Z3jzP,MZz7Ti6nXCMyjMnfL,RKTDySCQ2ubCh3Fqg,SSGJMJDgqrFvscHpe,iyGYNyyivmjjBp9wn,iZnxD7LgA4jswrjb3,aoM54F6J2Bojv5QAq,DcCpQS2dcMXZu587b,fWBtKL5rsg8aEfLE6,HDYoHBoCjg6MEaYwp,uYDJQLa7RPByEZqzP,D3CnMD3Xe9ESKZfS4,tSkptp53QjnfvxYSt,HX4CcJs2wfCZkoAjR,6E5urnJ67wwoQKMRT,PBHDy3LFwNd8G4xZK,LNxrmp5y9TkJJqXgA,TLJqWcCL6RxZfQtTq,Egbp3LEWiNamFkscF,r43yFxFAF92xjh2te,EkBtrP9LPjLBBaE33,cQb9x6AGWRdBF3WTN,a7LQJPn9vsfcMniYZ,gbmq5DXAWwdJQdC3R,EGhPfecviqB3zvYzk,kuH2ZTSKYqZkCxJ6u,KTjR7AWzGwt2bPkqY,uyd4vH9YR4YtzwL2C,PiyFripynfZxWwdh3,anRmABmEaHmEJqMet,d2ChffpLMqSs5GToQ,gSXHQFBzErvvt8t26,q3Bw5puLyW9WN43ff,YTyGmzGA6hBgyaDwC,6GiB2qtsWC5ha8D79,RuEgsnxXr8APBkKzQ,v8bRbyt44WrndCd8R,2XuoqDFeKagxYFok3,g9ia3yWWJR7nq6322,vtXP7g8W9CtaTg7NJ,gPar2ZeG6xqC4hGMa,ENbPLRZaMmqfYMrLT,4B8hXpQEoTRkMJa4F,udqLsxxaAi3Fwabw3,APhRMtGWjuJSyZQAv,YFNBWEWHxH4CsvAAi,a2Sutsw5NPCt7XuNN,ok24NXbZcf7rEyykp,4zREhFY2ETofWHmCm,sBKRdfJE4WTPitvP4,fRiWCiYKKAvAN5hQb,rpTekBqC8yNdbn24r,pbrobCqsgboAL8geu,8qDNf8zsjXe3KAJNj,swCo6nDgkZHuvngW8,RT9CK6EysCGa4rPpE,s3bvjLe7ftaYEBxdf,nqNGrAJQN9uQj45bT,hW2YGyK7hPFYj6QaZ,FgfN6rocR6ExyCc8F,6yyEGRstcN87AfwNE,wT4d7LWStyGy4HPdY,FzdyJniGLEXCievKH,pzQGJYtee7ChvkEvy,v8fE2h9BMtChwgdKP,A9tDaErETCStrxNwN,HM9cPEJaGWJ6x6mK3,JZiKGsgtCJEMZjfsR,Pf2pj5qHJ7ktXdDSi,Qer6SvDCvX4ouLXEz,YguWQJdH5MKjgeKz3,Z9TNTYkkxp7rrYftx","64rzpC4x4MeQZbRPz,8KysydDHF9Acovg23,Wc9hm2pTf2mPN5PuE,hvs3XJKLKbHvJP7gd,iqdEb7PrBHTZWQ6MB,wuhzCAZr39pjH3ziv",AXrbs2FNvNXGAgm8S,2022-10-11T21:10:22Z,setA,"/experiment/tangram_A.png,/experiment/tangram_B.png,/experiment/tangram_C.png,/experiment/tangram_D.png,/experiment/tangram_E.png,/experiment/tangram_F.png,/experiment/tangram_G.png,/experiment/tangram_H.png,/experiment/tangram_I.png,/experiment/tangram_J.png,/experiment/tangram_K.png,/experiment/tangram_L.png",full,12,false,"hvs3XJKLKbHvJP7gd,8KysydDHF9Acovg23,64rzpC4x4MeQZbRPz",64rzpC4x4MeQZbRPz,3
TNRYprBpNcgCrb2HF,2022-10-11T22:14:07Z,TNRYprBpNcgCrb2HF,kDnpgNxCpCTo6aHS4,"EH897vRqM7NFjJmNa,yRRrtT7zdaFk8E6WT,GdtkQuYb3fguHB3DT,yGzaev8raLJG48LZD,k2RJoxNEkEK98ZqLM,TAr2Hjhwe3Qm4vWPY,n2NZQy5WjjHRAvtxu,KCaC5qdQAXSA2CcS8,7YRNTopWbCZtuER5X,Ri8wg9Avpwd4LZXAi,4PAQfsE7b9MxrGQBB,tuMuo5bvfiMobYLXA,4omTBw4jkbXag4W69,dEiZDRrXv5QWR59mR,8hH78QLZEgTDAyY26,mxSyomr6FBbnqqsBg,uHwWR6c8vMFSZchLN,DugEMqX26iHeophmo,5Pn6k7xN9AubYcLxs,5xgoqEfrgGzgjkmTq,sPLzbJqyWsds2qNhR,gRGePysvRx7ovDaRg,vsnfGGoS7Q8RsoQbE,eGWxnmxj8agxwtgux,9ThKMnoQHZkSQHP77,jPSQA5etaBrXLfawQ,ATumWtygiHvxg8378,WJNQxTayYp9WMDnTa,zTu9yvWnF9652dGLe,LeTo2GaCXFNmQzLJy,edZFQYfrGuqc5q7SE,HSXcrW2xWgq8gfppC,axihruRc6t2vDBSpw,ephgW8cfqPT7iAZgC,y8ffsAkaWYCD859No,rW2RpeLAJjmzN9eR3,nCc6G84T9zK4zME5v,9SBz4NJ4jD6ByvXMY,TwdhNg9D6pSYpZ66R,kChqxBxjg3DLh8Bop,bZGszS9xwuRL4T7Lt,yQcPSxsp4t6ef7zyK,NukCpsXFb9hRSQmiZ,3b5WByq6YyEWEcMaC,sJm9eqbfhS5jRRTed,ph5PzkFGkqvDNGMFL,aci7eELgTiXG6dTMN,HgM7mfmFL7AyeYXrG,xobjd7beRTnnvQdqt,KaKg7Pnu5tAxPHJai,o7wMnQGZtt72jpKHj,aZA9TDWZN8oaTkuJB,Fpcuf6jDXjaEw7hyS,qxY3phJxFLQGiFJCX,YiKuYKskaRqRZZote,Z8qoymNn52cxTkigF,5HyNHNBqwFc6ezRDr,t5bG6xfHBoE7QGofW,oPqJoFNT5aaX7rSpa,4rHoQduf7mWjaaXGD,DJGHmapTC4aHGfgwB,ECbLtaDGvCHZ2J8ey,7HybLQjijR5Jv27dC,qkzwXf7rTEgaeoBjG,qXX43nxdSduXG6Rkk,g3htBjznD9NjuuqA5,w5PCquYhc4goZyY7T,AXxczrWFveuF5r2Bc,hNrS79PZQrTgACxdv,AA8xXbnn7aJfiSEiE,nu9An3iyd7m7z2Pfg,T3NDD3HRPntYg33gj","G4HK8nC7P4gF4WNYv,MzEPr8SWgujDFLbip,T9kvWpZZ75vPof95j,YR4FANKP3HF94ob8Y,ZBAXeNd9hoDrFHWhf,op8jdPN2isNrJimSu",atHL5kqADWk7MtZiF,2022-10-11T21:11:06Z,setA,"/experiment/tangram_A.png,/experiment/tangram_B.png,/experiment/tangram_C.png,/experiment/tangram_D.png,/experiment/tangram_E.png,/experiment/tangram_F.png,/experiment/tangram_G.png,/experiment/tangram_H.png,/experiment/tangram_I.png,/experiment/tangram_J.png,/experiment/tangram_K.png,/experiment/tangram_L.png",full,12,false,"T9kvWpZZ75vPof95j,YR4FANKP3HF94ob8Y,G4HK8nC7P4gF4WNYv,MzEPr8SWgujDFLbip,op8jdPN2isNrJimSu,ZBAXeNd9hoDrFHWhf",ZBAXeNd9hoDrFHWhf,6
GWCD2NGoiA2n5Wh2i,2022-10-11T22:19:44Z,GWCD2NGoiA2n5Wh2i,kDnpgNxCpCTo6aHS4,"ZR4XE4wNRpzfSv7Pp,xN79iw4ersNpGBrbp,T3FexpyG3S75ieviH,KEPrftMpFnEaPNXg7,ZHCYHNMcDYWqPJhnh,sCCrbZYEF5vJk2Bb9,PpibHYptekgx6N7zh,oRmpRvZjYWXEgXMbR,5zDxopzEmDwrDstu3,apHzRQjyEFMJK893e,CsHKtpvKeBmQm5uuR,wC7Ti4SEgEqfk2gWK,9QRhp9kcoSAwGBYqG,gh5nHT8ghJGCjckb6,GNkR4PC7jEqRf59XG,7hnRAf3eRgobWCRKi,dkAi7zS7nKPnTRJbR,X7hTDgBbPfYaZzkSS,cQkAAYsFSfzYnJEP8,fHDWg7RpjQ5kv4XjG,tFoNTsYiCBHAzSE75,KQaCaWiXDQifbu4pF,SZYd7E9xve8r8bBZC,GkmsoS4BDPBXF86vK,ZQM4vp8Ru6YrGov7K,NzobLTAQtAh7JYeTY,BR7CN3xAEvdGyfeLa,oPoGbiiStcsnz6kph,YLuoZqQjBjtzugHEE,idbzYYoepQSCs2zpS,we9bBkGoDPcmyvL3a,gbt9jif6CP36AunmT,9y6QZpYAvmmQWTKQD,doB4qmpCaKEfjyjQs,7RJQt2e33QnpGRWo7,7uu8ZFcuMjMwqX7i9,g6q4yL8PuvioXLbHw,K9yxTbFwkR3mpp9vL,mBqMNHsW2Drs6oTCo,eYi3cLE8ht2fiyxBH,LAedARe8WvWTaRcKv,633KmuZN8DtwTjXR2,dZb2wQMyad7uTvkvk,idPnCNKZywMKtYjKy,b2aBGRsnHZd5rvK4L,YvhHAP8tySHizrA3q,XX9ofyaYG4kQyGGJR,j9ek3tEjdHfwNeQoi,eEQqpBT7wwRB4jGNK,8GHfHDGT6MrEoqPxF,m6ewrJCQgJhnMZpEt,GMxBhALWX8zTk8chp,oZpFRvttqenyEfJ8T,wHwCfhCYLjeJsQArb,MeT6k88kxTPCnWrRN,49NCz9aqG2idXomXi,kapoLpcR8QGXkbsWg,NzWgTtJ7aPvjpksFH,D79KdCjbHqApqyE9Z,fcT8iyawz6zR4ZEtZ,tv4jhYJKRzmyMTLZM,Ybfwe9BmdcL3tiyM4,gayhcKf6ZDvXom5Er,3nQGZDkWtSsfX4beB,eGrXZfhJszKw4KpKT,tGpvNGfN9f2EDwnRe,QZKMexWX6DmsGKJ3j,J55tcNX7fWsX7exrT,MNFWzNi6C7bGGGZpH,Q9sohveHnNAHZhSj5,dQENDLvWHWEuMrudp,D8Cb7iE7w5oAzkY3Z","3J4RLFqgNJW7BsT9G,7CNcmu99Gs4McbRom,9QmKZcuPiHgYsxSQX,QgoNBGkyARtJgkjBG,Z6TmKzSh7SAQns8Sg,yriw3oBXwBwGpfmX6",CYksBvrsMvPCrwSkj,2022-10-11T21:13:14Z,setA,"/experiment/tangram_A.png,/experiment/tangram_B.png,/experiment/tangram_C.png,/experiment/tangram_D.png,/experiment/tangram_E.png,/experiment/tangram_F.png,/experiment/tangram_G.png,/experiment/tangram_H.png,/experiment/tangram_I.png,/experiment/tangram_J.png,/experiment/tangram_K.png,/experiment/tangram_L.png",full,12,false,"QgoNBGkyARtJgkjBG,3J4RLFqgNJW7BsT9G,yriw3oBXwBwGpfmX6,7CNcmu99Gs4McbRom,9QmKZcuPiHgYsxSQX,Z6TmKzSh7SAQns8Sg",Z6TmKzSh7SAQns8Sg,6
QeHxf8rJXN8MCSKYR,2022-10-11T22:50:48Z,QeHxf8rJXN8MCSKYR,kDnpgNxCpCTo6aHS4,"FHG7P7Pd4pasFr8rS,2gqbHSxpsyJy9LRSB,JRgdScTvJaaF3eFmG,Bjg7NSDbAWKMAq2yA,o8aHusdM6y8c8WNrm,p5QkJ9aks2mFFDGhf,LND876vFfkqNYtTX7,6KjEpJTzsb5jn5nCw,Z8rKqBE4EgmidWgo4,gTw3PutFFpipBHo8R,8GN8nKrWLD2XjcySN,sRidttNMLGA7p3jmQ,X47EWK49wZ9PbKoQv,DoZnLLuAhqk97Fks5,k4xdbhsCjjsjmzKet,P5xFmsQyyeCw6JCdD,vJZhoRTk9k3zn2m25,mbWw69psvYDrh37Zr,PdewkYfLZH9gc4vmq,aMrumbz5zajyaz5kA,3fNydMbRc2ynJRrbT,kmcQsd3ErQYKkCuYA,WQSrjkrkyXPKGa2HP,w9at9nwGNMrCAn58F,eWPEExYZbGGv6uCYt,GciXaY3TFArNoNxAk,bR5TjZAFfGbhy6zap,AraaRipt8jnqo4diu,cE2Rt53Nd9GT2XFfs,CQty54Xby7Ebmr6Jx,YNZnECqiwsTYWHwQr,MBXssyTwmMS6Wj3H9,SWXXDFbZs2WgNtcRj,7AqLw7aRSnx8TDvj3,YM5R754zpcCn5Drck,egissXKRbvh2ek978,QZLamQLrPBFKY9yQ7,4eq5v32w2DQGvFdgw,Y2JZLPpYsYjHZX4RE,HethzNwJ73Yo54oiA,7bzjofYpv8fC7q9iL,QiLwoE5nnK359Yv6P,KWe99dECr9gAmTfQJ,da5fgHEmSaC36dkiZ,W7tBfKzLYEmNqNmtk,brAtdDrNraFuGc8qs,bpTfwZFpH69LEBwrC,Epupaf7yPx6zbvjTy,DzkDFNqQXQbyerdFh,65deJvRXQfaRvjbwJ,7pKKHXghEgEqjHma3,FFyLnFhxpar9DrJDt,TSKZunhxobr727sC5,vDofRaHWXAfzyNS9c,iia9z9zc9BtvifxZK,ZW3usG3bChoLNyCnN,4vzpk8RudKitKXGoA,pCMPsw5FXekYh3aSp,o4uckqJpWM7Eaz8XK,YJ3ezFFNa8Xj8NdzA,BqquMqbWWmHGzykBr,QNcmL29egAS55kiBX,icL2icbXHADFSecBC,6hSbTMMvgiZEN67Dq,rhaQudKxs5FGizbfW,agC8fLyyb7fhSsdcq,WsxdFLcLNzqemfBQj,LL4B6mNj5AyHnPGSc,zmfF5ctCgXPfPEbYK,MJdrrSxM6EqMXKpLy,g9dX5Ls3EFiTveeWh,tJprddkui44hTW6gu","M8AQHaKFMeADtamgq,MACmcrnc2QpHsHgcY,NxLjuiDi5cuFnLeTt,ayGjv5rqNZ8Ruuo4P,mCmwwfTjZPAn65rTJ,oafnpgTXkj8oDquTr",hJxvoBhxCnvbgqXWS,2022-10-11T21:17:48Z,setA,"/experiment/tangram_A.png,/experiment/tangram_B.png,/experiment/tangram_C.png,/experiment/tangram_D.png,/experiment/tangram_E.png,/experiment/tangram_F.png,/experiment/tangram_G.png,/experiment/tangram_H.png,/experiment/tangram_I.png,/experiment/tangram_J.png,/experiment/tangram_K.png,/experiment/tangram_L.png",full,12,false,"M8AQHaKFMeADtamgq,ayGjv5rqNZ8Ruuo4P,MACmcrnc2QpHsHgcY,NxLjuiDi5cuFnLeTt",NxLjuiDi5cuFnLeTt,4
ASJgHR2N8wCgN32cu,2022-10-11T22:13:14Z,ASJgHR2N8wCgN32cu,kDnpgNxCpCTo6aHS4,"JyXcpvkqXtab4r4yk,Lo6iroSvwTwrD9om9,28QEpDmeeFMmh5ibw,KZmHPZ3C3ak4Q4qhq,HpSj97bQ9suNrbhm5,3igCJQDGMXb5GXe3j,eBFmkpw2vPdHdC253,qJHH9ZcG4hWMFT6S7,qhzZYKDy4o39egx58,AtdxgoGRnbAfbqm9C,DSC2MzZ3Q66d5y8Tx,mBZCMswKC6xtErtcw,SpgkHGJp4NGNYxLw3,uvfGm8BRu6axoYQZy,2S9T5rAYbwtDXc3yu,u43DMZDMJH4mWyrJ6,8Y6SDGvjE3kypDAFe,jQuiNYcwp96Qakm4W,KomcGfuLfJigkkfKq,LbZKaRRqv3R3zS2mp,mRJwekK6hTR9sBa7E,cS5ZMzLRtHtwKGDZe,fR3JZQsRsG9L9z9TR,kTzv6Gr4ntiJvk6xj,WqqPnWzdNGrx94Q8w,r7WfdbPkQYHEqLC49,j97jifMRy3JA5xRoD,ujyNaccquyWcvjhGt,djGw9xKoiRFyJj9Zr,D45yfg5qaCd3iwWtW,gBpnPKmyf2bNtK2WG,iZnhosMmBqEbXtYJ4,d4jG4mrqL7TCLuLyF,4tsfntMmevBAgmZxx,pkzsNYMJeZwRT8KcS,pBoeAPFqBzFDXDS9x,JzQ4ifm4aSfYoo82x,yFvWEXtjaj5nDe4QB,kGhaE2fc7ZCwC67LN,eCFsG92DLvwPDs8GM,62Fs4izHB46tHsg2Q,hWE2K7wAu8HjXQABY,shiyYTAw5wGXxGwPC,z7dzLWtFmmkZhxcQh,yG9dHm3Jjt5gWWfHs,eTjEmie83CuMLZnj7,CLN253ARvGwMJanFL,HWBkaAJYzfkkHXtCu,TCxp8xrjgwdD53C9H,vFKsXEXqoZJhmcqbj,7qasgozJcWt6ReBrX,KdQEWpTzNQcQDWn8Y,TBkmTvtMPrHLcyYjY,XRkNNG56DX6kP38K7,fuk38SNdqCNpdorJB,j7LK8bXr7LRLBni33,pdoHRfPF9BBvBRZZq,afAErG83bfTAhoMjm,tB2qeW2frCvYrDWJ7,DMeHr8ZpkXu5JkqWD,6m5nhR7Dy2QLhPsXT,HhhepLo8dWaxdGP82,d4u7ofYJE8mGGjWrf,cztBXs4mZZ6S9JCkW,4rKFasNsFCuwzumm4,ZsjSTFYDz4navGAw4,5PFkC7tdGbG3j97sK,8ueEjEGCca9rMuLRj,GPGHpiEGAgSNrySnX,oHYcjcQdobzi6pjWY,W6gQfmiePFApfaH97,WgxYsjKc56GGmGhNb","CkxC8Hvugc2me38dy,DPCABoQJpwWMjXprZ,FXEPbSjtvq77ov4h6,XvNGHyuCvvMi733tW,YT2Nq7XZoMqoZoRX9,tMhrABg7aajoi3Scg",AqJ3jdKZgaL8ufGdE,2022-10-11T21:21:17Z,setA,"/experiment/tangram_A.png,/experiment/tangram_B.png,/experiment/tangram_C.png,/experiment/tangram_D.png,/experiment/tangram_E.png,/experiment/tangram_F.png,/experiment/tangram_G.png,/experiment/tangram_H.png,/experiment/tangram_I.png,/experiment/tangram_J.png,/experiment/tangram_K.png,/experiment/tangram_L.png",full,12,false,"XvNGHyuCvvMi733tW,FXEPbSjtvq77ov4h6,CkxC8Hvugc2me38dy,YT2Nq7XZoMqoZoRX9",YT2Nq7XZoMqoZoRX9,4
BPDJ8DfY2oJw6jGZn,2022-10-11T22:22:27Z,BPDJ8DfY2oJw6jGZn,kDnpgNxCpCTo6aHS4,"MghYSjXtP94QeoENM,5mGx4K3DtJQgh4jCA,8m26GXxHgZhYKPvZw,Sz5QNmHRaQfXGi92s,NMcQYZTedpy2CpkE4,Pet2FEGHN2SveAMKH,YRmiNu7XMnsZRYWLX,yFABoE5svb7qqFfgX,CbRZbRhQ9g3TkLMtc,ZN2SZKNyGvw7sj7qm,gwmmHTixgX4hWu7Sh,4g4bNvKQb5YgtTpaP,bsNygDWioPFeBKk3c,DYzD3kcmq5m7Hdfq4,b3haJWXKSkB6DHX3H,KRjwSqdzSLQbnJwpc,DEvQr78iHMwJQu4je,xpiWxaJhp72FTQtc4,tgL7uDWW7rejZ7wcD,bfTEJGxE8cvqSwo9u,hhyS7x3DwHpq7vr9R,Gffk9kMh4pZtdCRgg,TKidzD5WfaGr53zPS,joNBpHafnL4rvHWjb,t78r4StWhAKtmJdGZ,3i236DuzRCpozyvnz,yGQANPZiP2ePSAhS6,X5gSBbmrPnLh5Qhkx,hmmfWibeeqA8wgdMF,59JqNtDf9GcdZb3TH,CXFu8L8rj77W7sF2i,EGydnYz6cdJchijPQ,wpAFJ6BN6qj3DrkbB,A4EzfTEMe9sBMSnq8,bAtf5TLYi98f5t5Jy,Z9sR9Ju3LqzaTT6CN,KYrzo6kKb5iiWhuwJ,7W6F25WFJ9vwY7MGd,ureyZ7Qw2qG3ZrvJR,KCgAKAEijtcHz9fak,J7bcqe44k4xBsbeGL,nLKXq75WrNdnvMbAQ,5ueKNfo8g6Roum8zk,43ojtmE4sQxhJ9y5x,maZMf5feWPFKmZvGT,f6ymHWxTYgQz7c9Cb,8Nme8Sj6qkBWRt9zi,y4g2F8kRvmu8Cr5Mc,SES9mCjn8WATyj2bN,hKTERA4BRyPr3P5yM,Z4qsv5nYBQ9ShxgPX,DqtxF5DfYN4c9XR3y,Tvg39wDYnGqhp7zuP,SCWR7Cq3JbLgxA7ey,YFGoZBp83CWiPbhDA,H2EfqRMgginKr8WGh,oqbMfqPp8Lyth8dXx,zSjuXNwoufxgCRBMe,AEQ5avgBirL9CCJr5,XFs5AcfhjfyYHpxH4,kvkmhJ4u2ndzHAt4h,MM8GXG7M2Rbhf42tQ,9nAP7Ms862fYA8wqT,gaD7kRKSrpnPqEiRG,QgH5BzezHWxYCasSZ,TZQ2tJ4TGfSMbM7ss,WRn7asTgkK3Di96W3,YgTiEt8yLKLmxD5ee,3opaK5R9eP8M6Fzjm,gzXGT7tvkKAYsBPkB,MWttmLmWwbSHJDeqR,9gpNgNjSWkeYTAaKF","FtpmWjRBf7ifYWhyL,LdcnSJRjc6Nm6JA4n,g6vnLA8KyBciztjso,isEeKPbTwGjXZFR7Y,mv8wwWEYbFzbrrwmR,vBZd3v96P6B3yrvy3",SbRxwW7ubkgLFXrPM,2022-10-11T21:23:01Z,setA,"/experiment/tangram_A.png,/experiment/tangram_B.png,/experiment/tangram_C.png,/experiment/tangram_D.png,/experiment/tangram_E.png,/experiment/tangram_F.png,/experiment/tangram_G.png,/experiment/tangram_H.png,/experiment/tangram_I.png,/experiment/tangram_J.png,/experiment/tangram_K.png,/experiment/tangram_L.png",full,12,false,"isEeKPbTwGjXZFR7Y,vBZd3v96P6B3yrvy3,LdcnSJRjc6Nm6JA4n,mv8wwWEYbFzbrrwmR",mv8wwWEYbFzbrrwmR,4
tN6MG8BtJwxfpi753,2022-10-12T00:43:29Z,tN6MG8BtJwxfpi753,kDnpgNxCpCTo6aHS4,"rDcww4gDFSoacvsRc,HJmBJfivX3A3dqg2m,K6EsrruFSsemvWnCa,Zj78RpsL8tqAQwqPY,W7fBpx4XX6ngCF4gh,dam7kEZcYpNwJsgTG,nPdAPS4JjRJLBztkR,kseCo4WTmiYKW3gX6,4kSJhX9grNFcGYW8e,6nHKa5sbxCPedQdev,aksSXrumQ3RFCXaa7,KDWSFSoa5GW7JpzKi,6sPWsjk6wQYghZRGA,hTRnWt7uYssqoNyYF,bbXxy6NpkrX6SkDgh,kcD6WHJGny2mspGKX,c8JW4y9tr5rNAvrp7,skn7MJ6bMrqN2jQKQ,zozoRr6AzPcryzDyy,5NjKaNAKmyhXSrvqM,Ff9Z4AJv4uJoRbjjW,NCBpHifhZqfkAfPRd,Eks3jt5xbGfKdPQ2h,BjSwcCX7b2xeEB8tX,hfjKm7rwthGqBKBme,K4L48Kjfc3dcvxscG,Qeg6qfDP8eZRgCfZC,CgHR6pm5iZ9zxYTRn,vpovfwDYYHxXyTWhD,Bo5qZGhemhbd9vRf7,7hAJeFe7owdpkSQzC,Pw7WLecWPTjfsC9TQ,YyAcka8rCg3BdbBHF,FC9sXER7Thm83QZTx,j2vm3hAzZuDDyLAuv,Aavk485eb9HPMMj6h,uzenWH4kXhf9osL94,hn95gBTA7TSr5vwuv,txm8cSTkTYJdeYnbC,mjdN7B969LAy8Bnbi,Gqs3KD8fdfmmXA75w,7KTWXqJmFfCCoWCjw,sxHox2ENbyjmbQoRy,f6vhgRKiJAegP3J9f,nEkwdDc83nwcQ6QGC,4BSHZmqPHD2M8Sqch,LXrdAfXrK5fmd3kMJ,un7B9eNrnXKKYQzTS,Fdth5Pa79KhaeZSHR,i4A8YFqupAYc3ejYb,i3iapKxNEiYYbBpBG,nsLXw7mEahBD7M7aH,Aqa5PcwpGgsNXAENq,KjNMW9EFE9ckQ9ft8,x4HPF8HhW5z3e7t5F,CRS5FrvfSH6btHJij,Ghpwb6LtJYxadZfkb,M6fqQBKapKbDMtyM9,nFcmGHLYrPc9DXffx,AdMcpoXbv8Ae58yHa,7G8bfGhPHxA9Ryk7v,LCoSHDgzzEAnfrDJB,32r4iLeoyp99DiYc8,M7JYXN9cqmxqmDDak,K43tzjSEd9AhAiizg,ZTDxWukYqRaNj2RDi,QRiuQYSTxBRmHNxJ2,dRcgN8bLbhDsbwjL3,k9jNisedjpzfcqLDY,PKRD9p8jGHf2GJeKR,paraDzAJn8aTfWhLA,NdWPceTJxFeMf9LBZ","2CkcbJhR6ZCrmnRvp,4gJx5H46EujAyZGLG,987WeyGRbvwvaDw4d,RT59wEgXZvCcKr8pw,SP45wdcJexRKLaWHE,f9XkmyiD8spmaAufv",LaH627Jqvz6qPAKwA,2022-10-11T21:24:51Z,setA,"/experiment/tangram_A.png,/experiment/tangram_B.png,/experiment/tangram_C.png,/experiment/tangram_D.png,/experiment/tangram_E.png,/experiment/tangram_F.png,/experiment/tangram_G.png,/experiment/tangram_H.png,/experiment/tangram_I.png,/experiment/tangram_J.png,/experiment/tangram_K.png,/experiment/tangram_L.png",full,12,false,"f9XkmyiD8spmaAufv,2CkcbJhR6ZCrmnRvp,SP45wdcJexRKLaWHE,4gJx5H46EujAyZGLG,987WeyGRbvwvaDw4d",987WeyGRbvwvaDw4d,5
g6tPwYeFzT3Cer5qC,2022-10-11T22:47:18Z,g6tPwYeFzT3Cer5qC,kDnpgNxCpCTo6aHS4,"EfGJQny3XDvGWN8ir,5uierKDasCc9mqem3,2exQstRpCv4tAQHL4,G5yxDqdjDH8Wu4msz,FsdSDnpdQAfcFvAxQ,gAH9R9mzRM9BmLeqE,ChuC8DqC8GHEJg7zQ,BNLaR2DSRgTQ6ksXC,xCmWnXv3j25XgK6YF,wiyurrMtmypZjWzPo,CocYwSbbJkiQSoTiG,ZhjDai7emQYbwJKMr,m8maTuQYzAczTYXC7,WpvXrMH66AiTZggwj,aiaaCxvn9uneugbBb,KQQfDFPFPNcuWyBj2,9M8odASmus84MFH6S,aCM9dpqPr2e4jRrqh,WGemnm62gkZZKAjyq,Sad75ce5txx2JGNfg,ts4bXdQDnX5c6yasL,wQyqnARcG4TSPrTYz,ZZmbiomxJ77Wn56gC,fyfYFikxeQ5qFXHrj,QkivewFouK9vQSmhH,fihWnEpTmbHoLq36n,bPZt7XaFqLzLtsH8C,5jHhdyeMb4N4S8baa,KjmRqfeNNncCSSfrM,i8hrfuqN5biXvz2k9,w6FjuT6X6b99spidi,PYFqG54j24j2NAXGT,jTcxmWZQphEHx7Ktq,awDBHCusf84u2Mj75,LnwpeRyxPxN3GaJMo,97bYuXS3eC4rXPuvz,TmG2smqDLWW8HaeZP,Lcej72bdkDwd7CgHh,L3tty5AQ9aZLdKHjB,EQDaYTJPcmYymDthk,eLozsSxXvm5CuvPbQ,wH2jahf3koWhvDG8j,gfgWm5etoYbHAWnDL,b6dkJSnuNZcH4MJC8,3xPrHZN75EQokuykY,yM8Nz6i9mt6fyGQGk,bjKsiHDxcbrDyLKry,p9jyj7nDdMrMJHFNF,xcq7YD5foTZASBNiH,bgXzmMYSbAemiCs88,CfZXudELYhoMtrAiQ,Xzp2nJJQiJ2WKGfEs,WZZ8XwQyW4Pg7B6KH,PGf7KuauNWZz8gjjM,2RozXzQDKPwaa8yjc,fGkMtu55JP7CGxMNa,xBPoGb8Gso596WH8L,QKHwSogujKe3ag4L7,6C8vCoD7b4FQDXJ2y,j6BmAgHw5YrSJkyhE,2e2ovutne3dmDHy3u,nwg8esGtHFEPHXe6q,SmDWMRbrehETGGgQs,B7D35LCo2Ff5ZmzrX,qGbBYcEiiw7fhMcoY,YGuJ6cvwfdL3fe3rd,XudmvAohNLFq5onPT,Z7v4ZtjgMEhZghuMX,Wwa3Hw3c9ijaSrdSx,PygevHmKjccC3hLY2,srwNzHQdaC3szZtwk,Mc9MANniG5nw5RygC","JrNNANbqkNR8ApwH6,SyzxCSX67Gx4LQRg7,YbHYyQS9bXQ5Waon8,bef2WcGsxCHsthkse,dXpWueQPrhYib3buQ,tAD5G2pANKf7tAkoc",bty5QTNGGqW9NwYQh,2022-10-11T21:25:29Z,setA,"/experiment/tangram_A.png,/experiment/tangram_B.png,/experiment/tangram_C.png,/experiment/tangram_D.png,/experiment/tangram_E.png,/experiment/tangram_F.png,/experiment/tangram_G.png,/experiment/tangram_H.png,/experiment/tangram_I.png,/experiment/tangram_J.png,/experiment/tangram_K.png,/experiment/tangram_L.png",full,12,false,"JrNNANbqkNR8ApwH6,YbHYyQS9bXQ5Waon8,dXpWueQPrhYib3buQ,tAD5G2pANKf7tAkoc,bef2WcGsxCHsthkse,SyzxCSX67Gx4LQRg7",SyzxCSX67Gx4LQRg7,6
vHRdxbuskY9MXxf4j,2022-10-11T22:30:15Z,vHRdxbuskY9MXxf4j,kDnpgNxCpCTo6aHS4,"DxCNAwnbAFhkTQpqu,rbEQwtgcGphhk4cgu,Pzmj2CS3LHdXBNykp,jo2w8X2bxDyh4Hzr4,78L2v2HsYb8m3PqBp,Ghesb3AYigvm4Egvt,xema8ACrm46dQoR8k,2MukrpvojrFxmyHgn,PpTNWjydf9Q94QAn4,w6G4EvzQSGTohzMbh,sc5hfhavvpQqgbJkk,b95iHfDijpJTwCXLf,hbDw3SAswoBhugdfd,hStQxJZ3EKFjCpTcF,hfAYBtwfReQtFredx,fbDdysPpj2qFHFR3H,xGhJpSEzPRXhwnuWr,oLoAGH3MzqkcjRyu4,PQSEoa5bLsbubkM7y,ZLZSafJMh6tEKthNn,z9mYEzJjMjbSwqvuN,6hQssnnNkyK8B8kK6,iGcveBhRArwGfvb9L,sdudk9p4tERBeqW3e,6fgXjh6aNpHRq8nem,xsyeAW6pwMJrNQNpq,rcXhHvQwr79FGdDja,NQAWEe5g9kgiyvZ5T,ZvLWTKha4t9Fd8k2D,HJKhepFDzg6Bpi2ED,2cAtFFwrCYbikqsya,X5cYF5BNp9hE8BZg4,8Qr5D3sLPFsDBJmCt,QNKJv8zRgXnDKipS2,kK8HXcxtKJXrG5GAK,3JCKGHrXQWfYNhJyJ,wqKnHoqhAxT2pn6nv,3PZWa7DFoexhtp4p2,8Cqx4EHgv4D7ZJgcp,JZjZrpPxgco5QfMre,sm7atAb2gLKw9C3jD,tMcdYKZDHHqcLrb4G,cfSyWQTRnRooN2GTk,FuHRpj7PACGKQpWAy,CptGAJ53TZupFkE92,dbXMdv4CJtKCQzZjG,wxhgkjbWRajifPoCE,7pWqXxhNTeM9vAjYp,SFpruumDzo6ed5KfQ,B7nR6yEgbztRTS3S3,wkf8LsibNww5eXuyp,o8oenRHDGJsmKzpiN,YkXGCjvzhFktp7LtB,WufbAWmKqpMpHzebz,zsSacJSvmhrKQTi9C,Mgfgumzp7R5hNweZT,XKgdDgCPenr52vhHh,SXSGackcZw3WaJyyi,AxBoacA5zBMZ4MKoX,H55v6c5ucWzeeBYBw,JZRZuzfabQMMMjdi4,oEiTwfD6NE6zF3HFs,sH95T2FnjRBCqH27M,etbmAL5hxW2yt9Bdr,qhTYTweuFa2Wc3Zw6,6hug63oJv7BNADRSc,B6fwryzTLAvHq9io8,Mmfds5SW3mHY3SnwT,ZpC7TBTBg6Quemmt3,e4Wpa326JgXhbTypE,KqWGviq4J32XyWYm4,y2ncLuWn7GzirXDic","ARPG9khBWiKpPF9ws,QcJbJDa4kNEN2qTqX,RSQku3ckThbYxojeR,acox4m2h7gEb29Jbe,diPZJB3aPyKz8PQGT,kTXB6uWucQFDWT8DE",5nA8f58GLkvdYEixG,2022-10-11T21:27:36Z,setA,"/experiment/tangram_A.png,/experiment/tangram_B.png,/experiment/tangram_C.png,/experiment/tangram_D.png,/experiment/tangram_E.png,/experiment/tangram_F.png,/experiment/tangram_G.png,/experiment/tangram_H.png,/experiment/tangram_I.png,/experiment/tangram_J.png,/experiment/tangram_K.png,/experiment/tangram_L.png",full,12,false,"diPZJB3aPyKz8PQGT,acox4m2h7gEb29Jbe,ARPG9khBWiKpPF9ws,RSQku3ckThbYxojeR",RSQku3ckThbYxojeR,4
d3pirdbXLaHdgxR9t,2022-10-11T22:42:19Z,d3pirdbXLaHdgxR9t,kDnpgNxCpCTo6aHS4,"K6gnjjffG4KfbehfS,A5BzfcNSbxpwg4kjF,Y6Qru29o9t4YybBMi,m9CRtpB8gP3cJ7EHf,94SC4Qz5XFzZGSCB8,twBsRyhAwDhapTaE3,yx4FhkamwWjoTBdG3,5WKoP3SxrhjxXBidS,RuFSXyqtxWD6nsPdu,icgPzQHNkNmPqfEom,aHf3QYLq7LztFYCJu,7zjLjz4pXYARPkTk7,3yYwbLFuvtczhSTNo,FmSPRMp9NTnYxYt24,m8Hfnua8zApXdBf4z,6Ak3XZqMGQJNZxk3o,GeX7cgoMfoPM6gmes,WTgYhnvQJ7e6SDvfu,WiADz4PMgRcyQvPma,rKTYsXzKfyAepJxQ7,v33mJYW3sFGce9qGu,BdnFA6YwhCMYBiBG4,rvrKe8RsnQSQyutAe,4MfTyZmm9Q2ZCdkCp,Q8WtcYTYGCL4ecDpT,37iSKaBK6e6ujEwb2,8n6hBjWhxwLF3gZy7,TYiS4idLGvD8fazZ6,bHqzSf28ZSLMNFRst,GwiemawMhqXsvenPC,jLdCg6as6Nq9mYSZ3,ANc7KYeYw6YSmvcRJ,K2kp8F3gJvuXuxE6Y,JaPk47gd2aNDZ6KMY,oLAYWLnRBFgAHABNC,2dCG2RgeNgCKfd3PG,z9HaXhdkhtHzbyhp7,i8hdeYLXegLFNMMM3,my8vtFNCerugFBLrh,4j6FXei87LwsATYBB,9niiR7tqFWG6iNLCu,Lw2TvZcsTGXmKjESj,Nh2A9RJcStMA6Nx4z,T8wZjg47ZexAZvwFt,uCdZDy4S2tfe67Grp,9SrxYoXP3ZJE9nsCe,EjnkQ4himXe2qjKbG,qogwS2GdWASiAmSEd,kgwNsnwtjNAnvoj2D,Hw8cfNi3AFmFb8Rrf,T6itMAjB6vm8dbjbd,5uCctbuMvja3wMAHX,B2JDZQxCMnw2RjTZd,GCvrppjKn5ESh7Nbe,jMvwcpH4eq3g82wvC,MS2xCCaAPGrrcydch,eiMQrm8qkXsswbCQ5,xGXcuGqyeihH3KLdY,kJx2jeGkCkXLfxKFA,j2r7YkFsPQHbeEDGr,TTPs4DxT4y8JvTWWr,DERa9YWP3ZHdYze8q,Nz7JXqb5smtfZiX2Y,cfhopDgmnBxsBBbLJ,z8pQGm9juvmn6gSLu,rzCgHhBmysTmQjv6C,RYEseuaKPwNxZQx5Z,5iFwcRfkfwtLLCfuy,BAZM87wogycaQep2u,JJTe2gdpDteBmu4kP,4S3sAsX2gjqoRRP8z,ABLhyrxmM7kLWd8Ps","2igRPvBWssSpYPMBR,AtXyv65mc2LEEXrmC,YvaYGp3i8g88dxJR7,rbPrMWQa6F7gmqh9w,uTLnTmvfCX5bRnJqo,xwjinCCooXYNCGoAn",vd5m6rfLCGXTo6Guz,2022-10-11T21:29:21Z,setA,"/experiment/tangram_A.png,/experiment/tangram_B.png,/experiment/tangram_C.png,/experiment/tangram_D.png,/experiment/tangram_E.png,/experiment/tangram_F.png,/experiment/tangram_G.png,/experiment/tangram_H.png,/experiment/tangram_I.png,/experiment/tangram_J.png,/experiment/tangram_K.png,/experiment/tangram_L.png",full,12,false,"rbPrMWQa6F7gmqh9w,AtXyv65mc2LEEXrmC,2igRPvBWssSpYPMBR,YvaYGp3i8g88dxJR7",YvaYGp3i8g88dxJR7,4
MhCsn5ZQTvFv49Bwy,2022-10-11T23:28:57Z,MhCsn5ZQTvFv49Bwy,kDnpgNxCpCTo6aHS4,"7ix7iJEjv22J2Fj7D,X6PX9vmS3qcGbCAcg,FyEyddLRfzMYJBLFj,g9AJnTxaA9kb3hWQJ,othgLTMaHyNPPBbPg,GXHmZEs6ztJZo3SAh,B5DhupXozufCTLnyf,qcrEabwvdCjDSZ4Q7,H5re8g3X3x5W4HKf9,kL9XdbZJ7FzKxkoxt,3JwXd4ZHTYxBfqSbq,GvZiEawhHNHr6CJQJ,XW4vFKEETzH9xK5ub,LQuJHAHKrnbAxWLrP,bLeDWAqRwSKgvRW9q,Epvo8gopoauDagauM,znvCuaBL6qEGXmYBq,JQRZjR8Rav2hHgyQE,rsweLyPGirPi3uNkG,mcETmsntsZEMMFBJP,xQZ4rKqvX3NDaJ9SB,Qr59Rq2WNokcNdNXy,j5afK8BpWTf4AsEjK,tJkfqkyzSjtJG78b2,chCAjkGBc8SW4BGo4,yStv5EJ5oxuP4xNbr,Ac33NQnKYwZakYHah,4ets55TRjy5MecZNC,x6WfybEduSB6zmCey,aaEG3Hh5c6wj8o74b,TtA3QG7mZcYgX7rS4,JLQqkYPWxDhGg6Pmg,npf3NkGSihLFJ8kJu,9jpqKNWaRpxYQAQu3,KGjXFs7fvifx63zMz,BcJpfSMA7Maz3jZsD,QoQt83NbTY7vsn2XG,w7T95bQLJnHfruBwE,oLH6YFYRzPuH3w6b8,CXKKNRQ8YYGcCqBb7,Ww4cbp4GMnyCASDcx,RRGcXZcaZ4eGQ6Gxu,gN33KPizGmxj84JW4,LuETvbCCmEkFq6JHr,pgEfQQtChDPkbsSYd,4nk8wqHEBTDwg6qFu,E6ng7vRqQ733M85Cc,e5LMssX4tb2v9dan8,rYzzwj3Xfu4p5SdT4,8AxQJBncenS4kNb5b,s7qzv5E48mLBerNgW,dMwKWNJ58LeiQSsdc,AxytN3WmgN46uC3Z2,KPFpLeqi5BTrbQrLT,P4R2ux5Dj4F7zsfvp,ZEWtwodYpKtiHdCao,56A5ceX5Zu8QvReRz,ddXeSaFD9wRHHob33,BuwpGe9GWeep3PS2p,2fi6sHRyhZ7SBeguc,WsofDcg6c45KQtx9v,ap5MehWuZCQL4Xq5J,HjeN4fX7YFdbqtfXg,FJxvokCCc8toyRkFb,xtmEvqpCFBPafKwH3,PKNMDmsSt7eQgGXge,2FuxKLCakhDXgPMyq,RTTeBCQ99AQW68kRG,d6axza3Nxkgteda6n,o7pJSBqdEqHQ3kDNe,nttQQtkioDwc7q9ff,g3uJ4vFJ9mkGq5Lzd","BKwKu4YgPZ7jsr4Wz,N6NQCY6iXzv7L9LK6,P8Q2f4fnjS9JXbYpx,aNRdhJS5QTaDtApAH,fMv2FM7R5kaWN82iT,htyMQSzJ29GMYAcjy",aY6Gso7rQwHwuEYnw,2022-10-11T21:32:34Z,setA,"/experiment/tangram_A.png,/experiment/tangram_B.png,/experiment/tangram_C.png,/experiment/tangram_D.png,/experiment/tangram_E.png,/experiment/tangram_F.png,/experiment/tangram_G.png,/experiment/tangram_H.png,/experiment/tangram_I.png,/experiment/tangram_J.png,/experiment/tangram_K.png,/experiment/tangram_L.png",full,12,false,"N6NQCY6iXzv7L9LK6,BKwKu4YgPZ7jsr4Wz,htyMQSzJ29GMYAcjy,aNRdhJS5QTaDtApAH,fMv2FM7R5kaWN82iT",fMv2FM7R5kaWN82iT,5
ZJwZxaeBDE6xqPFAv,2022-10-11T22:53:02Z,ZJwZxaeBDE6xqPFAv,kDnpgNxCpCTo6aHS4,"FS3PWwcngouQhxZRn,5ngsRnKzJbhnWAAMJ,WLQCuNprmRvkutEdD,CWe99T4Jj2dBxXzso,SvQMEXmv3bueSKhFH,j9juNqxWhhniEMPbX,TwGk4e62jtyT8W3J8,9ttkRFQTYt8Ldmo5o,oYkEpeSthwi8bXPL8,P4ve7Rwf3j3a3gmX2,PuTFyqibXqWuCaakg,TnvWDAc5jt9zvAEJc,okPyWf7HA9PZw7dvQ,CvdnSFEgYGFgpjpvP,QHaBPhp5DwCiH4Y8d,ZPkJphWpkaCsQ6aeM,XxBDEso9ekp2MuXNN,CtQPHwS8PAqGBxi2X,Ms9FBzxnNQtNESAdH,PJgAxtyX4GNPbmntJ,jwSeZZZ29ZcsJcaGi,23EywvzLwyvcs6rn3,cXRan4Trc398aGKoD,sBdn87ZYTEoQru8bk,NLYT9M9hMGYLMxLss,5CmSaXuHJgYv9qNmu,zMxHYzzZa9ywqtHgF,CDSNhrn4x4AE7db74,QyxynkewkceGNLyG9,3Z8B9yeKuxpcnbN2Q,oWvfA8pMP6aYSvS3D,RzfQZ2Yk2wDHmqGzq,y5MYAyGChTvJs52cu,kHcZZyyZvybeTSw5c,Enc4qZAZWErSaGZHE,r3gfJaMhxjyvYrf9u,zq7d8QeDrv2uNjFKc,emHGhbJTdv9yCRgxQ,dAJcwpfgKurwTLWqm,NZJLuuHQgb9xb3fc9,dedKjfzkpvJJioxYx,FFDAaiR7wHjARWtyB,hdc7uevp5FDoLif4k,uToWhsNLfJFtjjK9N,otNz5JwpJFp7PJLYD,B6YD5S2CqLe3ReF82,dZZY5SAkYykf6SCJf,pFZbLQaQBZGHabfhy,SPSDNK75XGzT2Hibz,GWtJkWj5viWtjT7jo,dZCjwmr4MMAEr6ood,kHvEJcjGpq3Bpr9y6,Czc6B3XRAMQQRt6E2,vEDjARzJrQyav3evq,SzZmiHo5EsYdDjXt6,nJjBEGgJcgk8u6fTe,W8HcDEf9thxt27k5w,sMJNQbqTnyiMeYft6,TxJgpufZjdhzrYNnJ,bdptf34rKcoZmiuc5,E7NYhGfFCxPjnga93,x2gAKmpgLxvAEy9mB,GM48spgTSsR5x6fuF,gaSQQypFwdwTJENyn,SzLFEqDsapxyazRJd,yafSP6BBYniaESaeM,k9w3RB3uFobZEoLQ8,7pF8CdyXWw5bzjpNW,bAxkbzTNMec48RPpn,5YKDdc2Aio2LuDNhc,kaJ8b4nfRusvu5n7f,XLjCjBrCemkeYgnCr","HJYjCYqBGo5aPa4QF,QecmryHt9ABXuA9MC,e9g86kP6Wh4MDo4hN,wcRwoWN6PKfXpXMDR",PsC7Phqpq8GAHRWB3,2022-10-11T21:38:25Z,setA,"/experiment/tangram_A.png,/experiment/tangram_B.png,/experiment/tangram_C.png,/experiment/tangram_D.png,/experiment/tangram_E.png,/experiment/tangram_F.png,/experiment/tangram_G.png,/experiment/tangram_H.png,/experiment/tangram_I.png,/experiment/tangram_J.png,/experiment/tangram_K.png,/experiment/tangram_L.png",full,12,false,"wcRwoWN6PKfXpXMDR,HJYjCYqBGo5aPa4QF,e9g86kP6Wh4MDo4hN",e9g86kP6Wh4MDo4hN,3
qfxH46YLuHGNNXFGT,2022-10-11T21:44:23Z,qfxH46YLuHGNNXFGT,kDnpgNxCpCTo6aHS4,"NGamSaRWDLuD8fZTF,xApce4dbttbx6aQn8,dXHZWyCcgAFcTZJp6,KasazQ35BLYtt6wqn,GC2zZJ6jmkJBnCsTw,YhA95k8YkH5EdzAdG,jM93Ffq4uKe2bwJ2k,WPwMhediThXnykuRz,Ruxf6EEnEuiCJTFaS,H4nqEkAvvQicA5c6u,mQjCZpCLGY3BKpfHc,84y5Rbzh5tinGWT3N,CXCmcPZaq4wyg8iPZ,Wkvcheid6DtDM4G2P,uQF8feuucD7QXWQKh,rzZGqBpRsckLaea3B,htFMrqoSSb3uQBoNQ,Xe4A7q46qxXKCXYCi,RRQDs8mcvbJHmD4hG,px6u2cQ5eeMY5uoPj,qHHbFQPRNynZkoTn7,c7MkF6BYe5uZ2JYNH,BW4S3aTjr2cQcXZKT,hCp4yRLCigNRk5XiR,PAWdcxWZbMvciKnYi,tM6Xw8YoQRfrdzxXq,meH3pvyPZnLA9XBpx,oLBtn3c8jXBZBaTL2,9uSEnCGHsd6JYctCG,DFdQZ6HJfYqdwJYkz,3eQXHLZ6b6bP9Jjxn,Hmce3rkekooJEkBeM,nztCBucKFsdTc5MdY,uZR5jSeLegphds6Ey,K5j9DPAQ5Qzm5yPGt,BXjq4DWE6gF9ehKMA,MjDfsTcYr738s78NZ,SsoMC9NEo9d5wZZfP,tWkFtHzBAtF7NS8fr,k69eTEDButkqvZvNh,NN5KNcTnDaaS8exY3,pd7n7Qa2QZ5tr4FHq,3LXCmTydvuwXbupxL,pCiFofk8vKPei5iWT,2ZBJGseJ6GF3Jm3mT,kJ3tjkariFnpPuhwy,ZusFfX7fdqPuZtjTi,RaX6SbjHGRkFEzJp2,nG5rCnc2S9nD9DnS9,hnXQSNbQ73sixyTMj,gsaE2orf9zCpX7HBq,Py52QGbWfHAqdqPH8,8F6CL9MeKxHMoZuny,29aXahxWLgLZNGfCp,C5C6DMC4y26dTu8bo,qWKrGXSMuq4w3A98H,Sg5tb4q5hqQX8pcfY,pim2ZyvMDhPeyw5Br,caBj8tAw5kw2ndsw5,6BTQsxGpN29i98CJY,9NeisEY5QGSxhb9cP,XsijeD5eQZ3Qx97zm,gSPPdqLatoiqsespA,eRXKc6eAy9BE2uLZg,ws2amkFXsANu4A2Jq,fwwkarrXoMHXmnJ7f,jnLD66MDoAGH8Pu5C,ytfZpWDDf7EM7hGqR,98XiEHhPrjKf74eL5,ZYkL4s4PSCXrQE4Fh,DzdqkKorMza6GeczH,XTho6k8C299aJmKm8",khGj5SXW54bs5Ekku,LszibW3fhvytDuunZ,2022-10-11T21:44:23Z,setA,"/experiment/tangram_A.png,/experiment/tangram_B.png,/experiment/tangram_C.png,/experiment/tangram_D.png,/experiment/tangram_E.png,/experiment/tangram_F.png,/experiment/tangram_G.png,/experiment/tangram_H.png,/experiment/tangram_I.png,/experiment/tangram_J.png,/experiment/tangram_K.png,/experiment/tangram_L.png",full,12,true,khGj5SXW54bs5Ekku,,1
3Sj3XTKmk9Rqe4Bim,2022-10-11T22:45:31Z,3Sj3XTKmk9Rqe4Bim,kDnpgNxCpCTo6aHS4,"TvtMhwGKBgLdGQkEu,QeH5X6n4iaqFbHWau,tSwThP4XYw9jPLQec,D9aML7Hb3GKPEwMvG,gnr7W6yKSmrThQnn3,sSbhK2ADNiptyAYmJ,mSc898qhZYwvJoJaR,qB73nbvjkmAbcpSTR,scvzEJSxKH9iLpxYL,DCwxtS9hN4ttBGgwa,EZmXQjLxkTtkLR7hA,kbB36R8JuRfb8m7mM,DfG2RoK2wd9zZWDXG,oKK8Gv8yNfftcHGr9,4ZJGfEpP5uDeovor2,PoK4aJZkCXQATf39j,EtaErN5cpdABCJhm7,NEiGc5HF4L35LjqjB,yMdMXp2X3i2aqEHLf,g4GqiYnakeAMgrsNE,Ey4b8RzAdFsSSKBzF,qGk5GjpmJC6Ye32Xw,K7JhsXvSFHF9byraB,AXyovuETv4ENL7aGK,YnJ4wfJmPCKn6GuTQ,iygGyFK7TbEAaMDP2,Akiw2RhZER9aSSKyf,uTG5jGk9Bm7P6kjxa,6cnGYYQXgcDJ4gW3H,5kEWRGN3M874ebbZs,cD3p6pX2CAcaKpDDH,36vmYjPb6JwGQbHAb,ijK9tb6tpjpKzGJie,8cyvuPizWMR9jb6hs,Zq5xodmL6ZJomLnu6,rdXGYE63pSNtHKEnW,LbCmPFDAaaeAfzT5x,pvXsaXDWMkGASwawP,xuYGAQ2JmobL2EzW8,bF2NfArsfgkB3QfbS,Sj7RHzaeTFEHfRtkQ,8NPFpJKB2JBRw3bK4,4Dc6XA7v4A6Bi2mgw,SmfgKJ2s6yzxdZ3s2,BsFbGK3hMGNuxfPrY,foPfECdkBxrjs35Hy,A3iwaXi2AgSShJpEF,qNdSos6MNxk4HfT8T,xT5ar4HrdDaR8J7kR,iNH5E7F8FDB5uDLb7,WSNhfLsaWRz5dy9JJ,J8YKBKeKYgLiJGy6s,7JXqfCT7yTkbag4jP,Pj6AKk6yXgKADQCxP,ziLa9tEwdremXQtWY,Lsdt59qao6b6QWEa2,xdSyCrdNsnBPsRDjb,gyZNiZ6mLsR2exiN7,9j9MbAGdbqQqvJu7t,3JHdabMJREjptDXKb,ksWYLYE4pXWp57BGo,4AKPhZnz3KaNSFFzB,JmuwAp5bCzg8SbCvD,6G5xpTSdM4wrRkuBF,4zST2pGmmYrbJg3iB,ep7ZhM79Scggq2ZEh,wFj4p797zRrhX77bX,hr5YdrRTEtL5nQ6Yg,cHJHgKCZnfRnJaXyf,RowY6Ck9HnA8vPgD5,y6pqwtnAkhaxmfCA7,WT4utbsoTuG439RSf","PCGYFNheiEvasyxkf,xGudhNiRmy2YuaHzK",qcQHT8kB8uqaf87bm,2022-10-11T22:08:00Z,setA,"/experiment/tangram_A.png,/experiment/tangram_B.png,/experiment/tangram_C.png,/experiment/tangram_D.png,/experiment/tangram_E.png,/experiment/tangram_F.png,/experiment/tangram_G.png,/experiment/tangram_H.png,/experiment/tangram_I.png,/experiment/tangram_J.png,/experiment/tangram_K.png,/experiment/tangram_L.png",full,12,false,"PCGYFNheiEvasyxkf,xGudhNiRmy2YuaHzK",xGudhNiRmy2YuaHzK,2
QSCEaYhjhfmaftk8d,2022-10-11T23:22:01Z,QSCEaYhjhfmaftk8d,kDnpgNxCpCTo6aHS4,"BTEf8xMSf33re9BL8,KtgrQPWRPEdxaj2eT,cDJDrsPNeyhcwkYox,8EC6QyjdfEadJTAte,cWD7idvBnZdDNLejM,7pYmN8FW2xwRKwYSJ,Hcq62Kdw7Xt9KnTGv,6DmDg43eTrid9ESwk,tuGhSQSgYQQ4xDvZP,sCp3DF5QxkL2tZw5W,ryw3Q6vcvQDHzRvWF,JcRDQ5vzbkE3vc5fd,i2kBoi536dtpjrvuR,vhkHoYrbKRCXF3RX4,GdbYRotkGgGJZSuYw,3CRZZiQW8cpgvetWB,JaoywTgb3JvJJFx2W,iRavCESixSSQwsySX,xNpcESXfxYjDeRQXT,fHtY6nffAYNh7YqMs,8QAievpJztDC9tqsi,3ZPfrv2nTWvDhB3z6,hTKvi2wtfmefaYC6T,ELbGPYHrncupoDnfT,YdvxyzXGXup5ENsFn,aJ35EZ9STtk7qpQah,2vh9w3oqxAjcMyhmd,JztNscFzyrjAvv3rH,37S3f8cpbf6qxAnsF,nkPYSCJCMMR7P2z2j,vHPtTmPR8nTJdTakd,kvaK92mQexrwrmvSG,pGPZmAxpQnt3uBAXN,nM4xcpknLgEvNi5Yp,XdjWmY9AQsjRz8dz8,H7Ruh5HM2pnmp9rhT,z4rtyAEHn7Yhq9tnc,6F9E65dvnpsn2gfpF,TvoMXaSCCALZg3RHo,oq46Nce39roNSBxn6,Qa97zDmqBuphaGD4G,joB2cumCsLR858ggo,mWcdpRhpptS5tdWkd,jfik2TRT3AmJnJj6x,Gveh9qboTxYwLC784,7KBYejTLy2cwDjEQf,XrR2xToW53i9Q2XXe,qxuKPsQQq5xd3PzrT,Pmivj2iWJHghdhffe,jZivSLbgLyLujfn24,huzwDYygrbwNrkPuK,3JpoEviZWe356jn43,QM4AYxZhEYHZLKfuM,zZAhsgfp9xfESewFo,twGmqExZvTZ84Typs,bBs7Ws4wBzfFNrB6f,ruGGiiEmb9yCsQ6zZ,QMuaCCP26F6FTtui6,5eFejDzEXriCR9qd8,zz4uojLPtnGTTfwBF,wCP8p4boyL8tvAbAT,Whw32nqCaXkKkCfGf,7axtWgmAzMCF7kY6y,B6RZ8X9k6r6bHfgTL,ddJrS7oDpKSb35Bxx,8CbXYKvGuznKSMDaC,uphwbFbpB4A8zCwzG,bxjDm4MateFeTRSht,CF3waCKQQwQcp8ynA,5zxMrFX5ZsjTAmrdC,zfu4uQrLZhH85HsyB,mfteX9gSvZ35J7Ctk","58DahZ344JFmZos6s,Zp8buNgze4JdDJCvF",M4g2znkbMTKkBRG8G,2022-10-11T22:16:35Z,setA,"/experiment/tangram_A.png,/experiment/tangram_B.png,/experiment/tangram_C.png,/experiment/tangram_D.png,/experiment/tangram_E.png,/experiment/tangram_F.png,/experiment/tangram_G.png,/experiment/tangram_H.png,/experiment/tangram_I.png,/experiment/tangram_J.png,/experiment/tangram_K.png,/experiment/tangram_L.png",full,12,false,"Zp8buNgze4JdDJCvF,58DahZ344JFmZos6s",58DahZ344JFmZos6s,2
dMxzcvvFY4ysuhovG,2022-10-11T22:38:28Z,dMxzcvvFY4ysuhovG,kDnpgNxCpCTo6aHS4,"7ZeEzbdxwaswtp4Yq,E8ScCW3CJiRwJTZqj,NcXrbHFss7uriMBi3,b2FfHDtJE9g6j2n3y,KwrWLRnzSvT5h7Gx3,xWTvzDQr9KC7PoEcv,pCmxvsvQJm4Nut9aD,Eu2ChQ8LvW9xyi2jB,oc4ukPzvH9jJoY6jQ,zRhjb9MgZXXBadvQj,8ZqS5aPjcvxriQSzk,unZgxY8xf6xNEY6Ks,TD9m9ztq2g76biAhZ,Gdf3AFvLrFZN9wRGS,HfP7hk2dELrQKuEYp,L8nfYKE6M2YwbApyP,Q3dhBH7aQFPZJcaq9,Q3JNLLE2My9GvtCC4,AovEBoL8SWRD8kfmE,LBRrXurP3sf3h448f,RCjNcYi2d4DTwfAcZ,Ndn5a98CybBfwKAB8,g4EroR8BKopH5gsbx,JDGaDn3q2NZHkGLqT,Dhwakxg9RyxcHKQHL,ZZ8Q55uARPegkEB9b,aMRhLSv8rP3DQr2wD,4dt4Zs8izgefdNHrF,89Wj4fFniSfFmYrkj,K9szaoQmhETHFrzGC,dmQw9J7nWTuAiLqsA,wEEaFGcnmpHwpguDF,i9EHCdDedMNJEAojd,rYQhFHGCDmQRPW4E2,t448q3bQK8zzcxvbC,kuQ6nJs9CQBZKZjmp,nWx8GmH7DMjiwgsiL,wQnDESE5Qf5dqHMHS,msecxZA8isZXSx8L5,FJoKKEKYSkXDdgdHp,h6cDHv9JZAvtMmTL8,z74nzG5WoiC4zMF8m,3KFhWTwwK42PBN9eL,Y8Z6FQmYXYf9Xm6g4,NfHYiw9G7QEKPYGXC,hCyTpCtirYDWobiJa,h2HPgqHGnrGeshh8f,3n5DCZZioyxwBGiXw,MQXuK4zFb3oBdcwzX,dCHw2H8HB7eXgBWFG,RdgoYkjaBGnBCf9ub,EEA4JMTF3JiDpQwX5,bDA9XvSiDSDAiNARr,ua64QxHsFNg9wdPXE,GuFSynCfX5k4C6z3c,WRMk2fmGc9fiyuK8y,7rzzLsxoRfb7qxNiW,C7urE7334pEpN4e4h,jAAuihdn5G44AwCZf,peKa3GWs2tBnjQCta,DxB87Mui9yE2PqMmw,r72tdcCi6haTZJrsw,P7KPL4dQd8vDggvbw,Cx9JT4Gbq8LH62bs6,SndrTm6LCbHcFoPAJ,rxnMjE5F47uetYELX,EytrNyuBJncHBbPKK,StC3nhbK8xWxcfTWe,qRu6f4vnfWwn3xbvS,4MdSN4bk8YooAPpBY,KZ93B5AAz2mpZRsts,n37tbvQMXR4q6DAhB",wNCXXgbbGB8vz9iYj,zYYSdycfv6qjb2r2N,2022-10-11T22:38:27Z,setA,"/experiment/tangram_A.png,/experiment/tangram_B.png,/experiment/tangram_C.png,/experiment/tangram_D.png,/experiment/tangram_E.png,/experiment/tangram_F.png,/experiment/tangram_G.png,/experiment/tangram_H.png,/experiment/tangram_I.png,/experiment/tangram_J.png,/experiment/tangram_K.png,/experiment/tangram_L.png",full,12,true,wNCXXgbbGB8vz9iYj,,1
