_id,playerId,gameId,createdAt,data.age,data.gender,data.language,data.raceWhite,data.raceBlack,data.raceAsian,data.raceNative,data.raceIslander,data.raceHispanic,data.education,data.correctness,data.human,data.workedWell,data.fair,data.chatUseful,data.feedback,data.time
nHMBvcdH3jfB6thZe,KDECwB9Cikjj7ZsE9,cA2SjWv3CePYZgyzS,2021-05-04T22:35:53Z,26,Male,English,,true,,,,,someCollege,yes,yes,stronglyAgree,Yes,Yes,No,Yes
o5hZDxBNNqeyBoTFe,HqyHHokWZEzaNafoJ,cA2SjWv3CePYZgyzS,2021-05-04T22:36:00Z,21,Male,English,,true,,,,,bachelor,yes,yes,agree,yes,yes,no,yes
2xQipzbyq3aCtNdP8,HdKK2ktAX4RmvJwZk,cA2SjWv3CePYZgyzS,2021-05-04T22:36:15Z,18,female,English ,true,,true,,,true,highSchool,yes,yes,stronglyAgree,yes ,yes ,no,yes 
QsDRYouwkjomGymHL,tu7h5gBhgzwA6ttCD,cA2SjWv3CePYZgyzS,2021-05-04T22:36:36Z,30,male,english,true,,,,,,someCollege,yes,yes,agree,"Yes, it was enjoyable.","It was pretty fun to do, easy and once you get the hang of it not a problem at all.",None..,Plenty.
LnkeyW6kKmLFfrKHj,PzsrjpFbCRkuAMq8B,rSMFkjhskBteiyQMB,2021-05-04T22:36:49Z,28,male,English,true,,,,,,highSchool,yes,yes,stronglyAgree,"At the start, no. Towards the end as it sped up and I noticed the time would not run over by too much, yes it was okay.",yes ,no,yes
YbSXHYfYWc4bx7fkP,ZGADNAezcCdtejsh5,rSMFkjhskBteiyQMB,2021-05-04T22:37:05Z,19,Female,English,true,,true,,,,highSchool,yes,yes,stronglyAgree,Yes,Yes,No,Yes
NmMwHefafDwBtSvNE,ZvhRyXkvKz6ES5HwX,rSMFkjhskBteiyQMB,2021-05-04T22:37:08Z,23,male,english,,,true,,,,someCollege,yes,yes,stronglyAgree,yes,yes,no,yes
eH9QWwpfJffiQuFwS,o7s7B6kZLqvaG62N4,rSMFkjhskBteiyQMB,2021-05-04T22:39:24Z,26,F,"Urdu (I am fluent in it, reading and speaking), English is my first language though",,,true,,,,bachelor,yes,yes,agree,"i think so. Honestly, I don't really care much about the pay, it was just fun to do. But it seems good enough.",quite easy.,"not at all. The only thing i did notice is that occasionally, as speaker, it seemed that 2/3 participants correctly selected the icon, but I'd have the icon of all 3 participants on the image.\nAlso, one of the participants (purple icon) was weird. Like, they would suggest something different from what everyone else was, Eg ""mouse"" for an image everyone had been using ""wings"" to refer to. where did mouse come from?? that one might have been a plant, but I'm unsure since - when i was a speaker - that participant got my clue about ""wings"" wrong. Don't know why they didn't ask if they were unsure though, might have just missed it.",yup.
CSS9uJWgfrhaXtC4p,hv4nKRCaDiRgPQjY4,3WzEi9zkHF77vdTw5,2021-05-04T23:04:47Z,25,Female,English,true,,,,,,master,yes,yes,agree,Yes thanks,Yes,,Yes definitely
BrC35HeNSJk4RPWqL,ieBYKaxXNCy2QcwJj,3WzEi9zkHF77vdTw5,2021-05-04T23:04:50Z,19,female,english,,,true,,,,highSchool,yes,yes,agree,it was fair ,yes,no,yes
zZdu3YFuN8yop9N4s,wXsGgzkQgoofFhxwk,3WzEi9zkHF77vdTw5,2021-05-04T23:05:04Z,19,female,english,true,,,,,,someCollege,yes,yes,stronglyAgree,yes,yes very,"no,  but i enjoyed getting to work as a team and getting to know the other participants ",yes
qwwzoEZvrsEMLoYa8,qZYMtuyj2SBfZk8XH,3WzEi9zkHF77vdTw5,2021-05-04T23:05:28Z,19,female,English,true,,,,,,someCollege,yes,yes,stronglyAgree,yes,very,please for love of all that is holy make this a real game that I can play with my friends.,yes
SFm4AqZFSK3rn7wMm,FzbGtMkbEZkg6xLHp,BXWWg9XvCErxTpT9k,2021-05-04T23:35:02Z,43,Agender,English,true,,,,,,bachelor,yes,yes,stronglyAgree,Yes,Yes,I would have preferred to use Firefox. It was fun though. Thanks.,Yes
pqiC56EhtkYzbDkpw,c9T7t2RNEHdtaipbh,BXWWg9XvCErxTpT9k,2021-05-04T23:35:18Z,20,Male,English,true,,,,,,someCollege,yes,yes,agree,"It could have been fairer, because the first and second rounds, people are more likely to answer incorrectly thereofre giving a bad average to the first two players.",Yes.,No.,Yes.
5C3wQbZiM68cRvAXe,2Rs4BqzSBpqDh2fpP,BXWWg9XvCErxTpT9k,2021-05-04T23:35:35Z,20,Male,English,,true,,,,,someCollege,yes,yes,stronglyAgree,Yes the pay was fair.,Yes.,None.,Yes the time was enough.
8eFckzG5cwjw5kiY9,BHm7hWNhNRnqXSyJX,BXWWg9XvCErxTpT9k,2021-05-04T23:36:22Z,42,Female,English,true,,,,,,master,yes,yes,agree,Yes,Yes,That was fun!  Interesting to see who was able to refer to the shapes by code words quicker and who wasn't / that perspectives on the shapes varied so much - what were arms and legs etc. Thank you!,Plenty
6Ehj8Tye58Az6wc4p,6iMbQKiFyJ2YwPaeo,FfK5QXXSw833vwHKX,2021-05-07T17:20:44Z,30,Male,English,true,,,,,,bachelor,yes,yes,stronglyAgree,yes,yes very easy,nope,yeah more than enough
DNcNjBMyMjwDgwXmb,psDWD9d3xQGdFFP7Q,FfK5QXXSw833vwHKX,2021-05-07T17:21:11Z,46,Male,English,true,,,,,,master,yes,yes,stronglyAgree,"Yes, it was fair.","Yes, it was very easy to use.","No problem at all, it was very interesting and entertaining.","Yes, more than enough time."
FkWjkdEPEbEBAphw9,DugA5xyi4CvXJWvaC,2Csg2Snzrpkud2YRi,2021-05-07T17:28:36Z,29,male,english,true,,,,,,master,yes,yes,stronglyAgree,Ok,Yes,No - it was fun ,More than enough time
viJSn6egAzNBYyt22,zyXatFB2smLy5NLCL,2Csg2Snzrpkud2YRi,2021-05-07T17:28:47Z,27,Male,English,true,,,,,,bachelor,yes,yes,stronglyAgree,Yeah very,Yes,No,Yes definitely
A8rfdiMgeTsHdZxS4,5L7PZWTLhnYMGQE8b,2928FF7GcrkeFiDkh,2021-05-07T17:30:37Z,28,Genderfluid,English,true,,,,,,bachelor,yes,yes,stronglyAgree,Yes,Yes,No,Yes
d7GnSpxxRTZzNyzw2,okkXLvTuqNbsZkBZ2,2928FF7GcrkeFiDkh,2021-05-07T17:30:40Z,43,Female,English,true,,,,,,bachelor,yes,yes,stronglyAgree,I do.,Yes,No issues noted.,Yes
dHYoq8ZrNof2qLJYp,SzYY9C53Ne7cMaPHC,gjooqsuf2CPN5AWxi,2021-05-07T17:30:43Z,36,Male,English,true,,,,,,highSchool,yes,yes,stronglyAgree,Yes,Yes,No,Yes
TGeiAjHJ3TmsoKd5e,tuNTPZ2dpnLz8EKgu,gjooqsuf2CPN5AWxi,2021-05-07T17:30:49Z,25,Female,English,true,,,,,,master,yes,yes,stronglyAgree,yes,very easy to use,no,yes
6zMvwZ8Zx5DM8RinM,xwCpnpj4eoCiFYeCE,hu2zy5uGrN4qJ7qqe,2021-05-07T17:38:47Z,21,female,english,true,,,,,,someCollege,yes,yes,stronglyAgree,yes it was fair,yes it was easy,no,yes
zvXtwZG6sfWQhe7uw,p7qxLz4WrSqvxaYy3,hu2zy5uGrN4qJ7qqe,2021-05-07T17:39:00Z,38,Male,English,true,,,,,,someCollege,yes,yes,agree,Yes,Yes,"At the start, it kept refreshing the page on the instructions and sending me back before I could enter them, but it worked in the end",Yes
DopwGByug6S74F9PK,YjxxewuyohjoySxSn,52Z92z3wj7TxhCe3X,2021-05-07T17:43:26Z,18,Male,English,true,,,,,,highSchool,yes,yes,stronglyAgree,Yes - relatively fair. Possibly went on a little longer than described. ,Yes - very easy.,A very fun study - thanks! ,Yes 
pmjtX9oxieuL8B9Lm,jDNNo5YT7r2NRqawS,52Z92z3wj7TxhCe3X,2021-05-07T17:44:09Z,60,female,English,true,,,,,,bachelor,yes,yes,stronglyAgree,can't remember how much it is :-),A slightly bigger box for typing in would have been nice.,Initially bored during the waiting for something to be typed phase but ended up thoroughly enjoying it.,Pretty much
N42Yhe6iuDcw4GrbC,H6zHLHBYdYvQGEafK,s6otPQjvqhmf7yfRD,2021-05-07T17:45:02Z,37,Female,English,true,,,,,,highSchool,yes,yes,stronglyAgree,Could be a bit more,Yes,No,Yes
LaK7Hxs8ife4h88ov,Adzzdfiy8E82WkLuW,s6otPQjvqhmf7yfRD,2021-05-07T17:45:15Z,32,female,english,true,,,,,,bachelor,yes,yes,stronglyAgree,could have been a little higher but hopefully bonuses make up for it,yes,no,yes
eguM2QtoFZ4CxyHcp,Sdo7DsR8BbJkRk27n,s6otPQjvqhmf7yfRD,2021-05-07T17:46:06Z,23,Male,English,,,true,,,,bachelor,yes,yes,stronglyAgree,"Yes, thought initially maybe not but as the rounds progressed time taken was quicker so progressed faster",yes easy to use,No problems. however education one Im from the UK so has a bachelors degree from England university as highest level of education,yes
Nww3BLvazf59X9QsQ,kNihCF3o2LNDkwQs5,pAtG6vt3AyaJypa2j,2021-05-07T17:46:32Z,20,male,english,true,,,,,,someCollege,yes,yes,stronglyAgree,yes,yes,no,yes
Qd3c8RQEj43STNtAx,3D7MbrSZL62xJBhib,pAtG6vt3AyaJypa2j,2021-05-07T17:47:04Z,32,Male,English,true,,true,,,,bachelor,yes,yes,stronglyAgree,No I feel it required a fair amount of effort and took longer than stated,Yes very,"At the start, the instructions pages kept refreshing and going back to the start after a few seconds.",Yes especially after the first 2 rounds
BWyqfzXhqA2F85GEe,cjtnTXrerxbK7pi39,GpF4Ge9YCd7ih3DFr,2021-05-07T17:47:21Z,25,Male,English,,,,,,true,master,yes,yes,stronglyAgree,Yes,Yes,Nope,Definitely
cu5R8b5mmGqAgvdfT,9DEoh9BWkZFYxhECs,GpF4Ge9YCd7ih3DFr,2021-05-07T17:47:40Z,56,Female,English,true,,,,,,highSchool,yes,yes,agree,"yes, seems ok","yes, it was fun",no all ok,yes more than enough
iuYgrqzmtDW2RuQLG,HGiZGbRSXTDaGdsfH,of4gY8Bu37PbmkPee,2021-05-07T17:48:17Z,27,Male,English,,,true,,,,master,yes,yes,stronglyAgree,yes very fair,yes ,no problems,yes
niBH5JXvuCQ6Rgb4B,7NrLvX7rfwB2y54ZF,of4gY8Bu37PbmkPee,2021-05-07T17:48:37Z,23,F,English,true,,,,,,bachelor,yes,yes,stronglyAgree,no - think bonus could be higher,yes - very,came up with strategies to easily communicate each shape,yes
mRQJTHKj8KnBdbxYv,FQQrSsuYhM8jdKhTz,sijMDqp4oocvXG8Sv,2021-05-07T18:00:00Z,22,Female,English,true,,true,,,,someCollege,yes,yes,stronglyAgree,Yes,Yes,"No, I enjoyed working with others",Yes
zjLB5RJrL3dZbp72e,KpkQvEaJQStx557HY,sijMDqp4oocvXG8Sv,2021-05-07T18:00:03Z,27,female,english,,true,,,,,master,yes,yes,stronglyAgree,yes,yes,no,yes
jw7antiCxTDjJys83,KaSEuARC4mQrELeZP,sijMDqp4oocvXG8Sv,2021-05-07T18:00:25Z,55,female,English,true,,,,,,bachelor,yes,yes,agree,ok - was quite an intense one so could be a little higher than the minimum,yes,no,yes
N95KjLti9PBaxs6Qs,eHpsMXG8wcabcn9Mp,NEo4TpvQSgpf5jZNx,2021-05-07T18:11:17Z,27,Male,English,true,,,,,,highSchool,yes,yes,stronglyAgree,the game lasted a little longer than i had expected,yes,"none, it was fun",easily
BP7LgbLNfvc5ohj8n,o23Rjx6ks5kpZdni3,NEo4TpvQSgpf5jZNx,2021-05-07T18:11:23Z,39,male,english,true,,,,,,bachelor,yes,yes,stronglyAgree,"absolutely, with a nice bonus",absolutely,no,absolutely
j5FFRLPH4tqCTYPg3,767xsM3Kia6b8ANvq,NEo4TpvQSgpf5jZNx,2021-05-07T18:11:56Z,29,male,English,true,,,,,,bachelor,yes,yes,stronglyAgree,maybe a little low considering time it took,yes,I completed a uk 3 year Bachelor degree but this wasn't an option,plenty
SAFzfinGpMLzf6kn3,5Z84RxNyiQvR4MDQB,8SNDsZXxLcR8895Lq,2021-05-07T18:25:59Z,52,female,english,true,,,,,,bachelor,yes,yes,agree,Yes it was fair,yes,no,yes loads of time 
BBQL29BcE2nJdmhHq,hCXwjF2QJB3sySMwp,8SNDsZXxLcR8895Lq,2021-05-07T18:27:00Z,40,female,english,true,,,,,,someCollege,yes,yes,stronglyAgree,I think it should be a fair hourly rate as sometimes it can overrun due to other circumstances and other people.,yes,I really enjoyed it.,yes
7CRB45xRntt5LQeqR,ZSJRRSWgRuDYrecpL,8SNDsZXxLcR8895Lq,2021-05-07T18:29:25Z,33,male,English,true,,,,,,bachelor,yes,yes,agree,"Not bad, a little more might have been good",Yes it was very easy to use,No,Yes
KfpmsSTf726yzgvx5,x3CWnag6P66GcEExo,3AT9PDD5rDrb5GS4e,2021-05-07T20:00:55Z,25,Female,English,true,,,,,,bachelor,yes,yes,stronglyAgree,yes,yes,no,yes
yrFWQqJT3hsM94eRd,mv7eNLFBeLgyny7PY,3AT9PDD5rDrb5GS4e,2021-05-07T20:01:06Z,21,Male,English,true,,true,,,,bachelor,yes,yes,stronglyAgree,"not really, took quite a bit of time during the first couple of rounds - took over 1h",yes very,"nope, a surprisingly fun one",yes
fCxmW4XKQQnBzAifx,kLzigdBtkD7wevtco,3AT9PDD5rDrb5GS4e,2021-05-07T20:02:19Z,38,Male,English,true,,,,,,bachelor,yes,yes,stronglyAgree,It was a little long especially at the beginning but pay was generally fair if bonuses pay out,Yes very easy,"No other issues; I did think at a couple points when I was speaker that everyone got the right answer but I only gained 1 or 3 cents, but only happened in the last round of each game where I was speaker so totaled 4 cents in difference, not a big deal.",Yes; had too much time but most people submitted early enough
hAZzGutx5hJZxGWAL,HbMrw3TnWZKgPoMgf,3AT9PDD5rDrb5GS4e,2021-05-07T20:02:25Z,25,Male,English,,,true,,,,bachelor,yes,yes,stronglyAgree,"No, I feel that it was easier for the later players to earn money as they could describe the images in similar way to previous players","Yes, very easy",No,"Yes, we finished them quite early so maybe too much time"
kjZaS6xX3EyHYwYu3,DJMWzKpmH3hrQTzWH,kBQMXHtyqWiM2LxL6,2021-05-07T20:04:37Z,35,Female,English,,true,,,,,someCollege,yes,yes,stronglyAgree,I think so,Very easy and made the entire game interactive ,No,"Yes, I did "
4saYxY2Zss3WL2zvB,JKK6SJ2bEMrshPp8P,kBQMXHtyqWiM2LxL6,2021-05-07T20:04:55Z,34,Female,English,true,,,,,,bachelor,yes,yes,stronglyAgree,"Yes, I think so, it encouraged everyone to pay attention and work together.","Very easy to use but it was a bit annoying I had to click before typing, it would have been easier if the cursor was already on when the page loaded.",It was a lot of fun!,"Plenty of time, yes."
8T7ow8HWAYYWuy2Xn,mkAas2g8EXQG9qda2,kBQMXHtyqWiM2LxL6,2021-05-07T20:05:29Z,24,Female,English,true,,,,,,master,yes,yes,stronglyAgree,Yes,"Yes, very easy",,"I think the first round was quite challenging, but I still think there was enough time. As we became more familiar it became a lot easier and the time limits were less relevant"
Pb7DCKFMD4QM8ZbDy,HSh4jWAzERXqJPLFi,kBQMXHtyqWiM2LxL6,2021-05-07T20:05:45Z,23,Male,English,true,,,,,,bachelor,yes,yes,stronglyAgree,"The amount itself was fair. However, you typically score lower when you are the speaker. It seemed a bit unfair that 2 people didn't have to be the speaker, and in turn probably earned more money.",Very easy.,"No. I had a lot of fun in this study. Wish there was a way to keep in contact with the participants. I initially had my doubts about whether they were real, so if they were in fact robots... that's scary.",Yes -- had an excess of time. 
EcJvf7EghF64wt63k,AvDPnSsMqWyr7iWfX,P8wDF8HAYYAcwBYsm,2021-05-07T20:16:47Z,21,Male,English,true,,,,,,bachelor,yes,yes,agree,Yes,Yes,no,yes
GDQ5gfgomWK4jM5uD,mKtcij3NPdyCXiLFo,P8wDF8HAYYAcwBYsm,2021-05-07T20:17:15Z,31,Male,English,true,,,,,,bachelor,yes,yes,agree,Yes,Yes,No,Yes
BLmexGrfifBFjHgin,zgk9XQZah5mGjpGhJ,P8wDF8HAYYAcwBYsm,2021-05-07T20:17:42Z,34,male,English,true,,,,,,master,yes,yes,agree,"I just checked and avg completion time was 24 minutes. It took us like an hour and 15 minutes so I'm not sure how that's possible. I think the pay was based on an hour, which is close to fair, but definitely could be bumped.",yes,no,yes
K3Cmo7RbBJXGWLyBv,N5fwHnQMc7e7jKPm9,P8wDF8HAYYAcwBYsm,2021-05-07T20:18:06Z,31,male,english,true,,,,,,bachelor,yes,yes,agree,"The base pay, no. It was advertised as 25 minutes long, but I have been playing this game for over an hour.",yep.,"If there are 4 players, why are there 6 rounds? Two players have to go twice. Also, after the first round or two, everyone settles on  a description that is then just recycled.","Yes. Too much time.\n"
87YcJADw5R98mpPCc,f4yCdS7r3GCeu2Jan,hHoRuwi7p8k2XhzD3,2021-05-07T20:20:20Z,33,female,english,true,,,,,,bachelor,yes,yes,stronglyAgree,yes,yes,,yes
nzP9PS3EekAFyBarL,uCwT2ve8pCX7fjkss,hHoRuwi7p8k2XhzD3,2021-05-07T20:20:24Z,30,male,english,true,,,,,,someCollege,,,,yes,yes,no problems,yes more than enough
BeBCGqLj4K8EeGFp3,KkT9XAqwc7NzTdDSE,hHoRuwi7p8k2XhzD3,2021-05-07T20:21:11Z,33,Male,English,true,,,,,,bachelor,yes,yes,agree,No - study considerably longer than initially stated,"yes, very",nothing to add,Yes
buALCmmRZ3oHyJzRd,ZbwQGxZJhW6p47jY2,hHoRuwi7p8k2XhzD3,2021-05-07T20:21:17Z,49,Male,English,true,,,,,,bachelor,yes,yes,agree,Never enough,Yes,People started describing less and using descriptions like mouse head or guy holding a pot,Yes
Gm2WqRa4ob59jmdH3,NNz8YomT37yNTBreJ,XpTJWaJYpSojYdngB,2021-05-07T20:43:18Z,48,Female,English,true,,,,,,bachelor,yes,yes,agree,"No, that took a very long time. ",Yes,"No, it was very draining though. Most of my day is over.",Yes
CeM4oDT8Cx5ccaCoK,8xnowrWZSRfnTBKrT,XpTJWaJYpSojYdngB,2021-05-07T20:43:19Z,43,Male,English,true,,,,,,master,yes,yes,stronglyAgree,Yes,Yes,No,Yes
GuGxvEHowADPj8hp4,dvL9Dyxot9QTGRmrc,XpTJWaJYpSojYdngB,2021-05-07T20:44:45Z,38,Female,English,,,true,,,,bachelor,yes,no,stronglyAgree,I feel it was more or less fair but probably could have been higher given the amount of time that was actually spent to complete the study/game. ,"Yes, the chat feature was very easy to use. ",No problems or additional comments to share. ,"Yes, I felt like there was enough time for each round."
Jts26CuLx8xhPpeLv,aWXqkafSBD9Ty7ZCa,XpTJWaJYpSojYdngB,2021-05-07T20:44:52Z,21,Male,English,true,,,,,,highSchool,yes,yes,agree,The whole game was a little long with my team but anyway I think the pay was fair.,"Yes, I used it without any problem.","No, study went smooth without any problems.","Yes, the time was perfect for each round."
D9pfdcByA8o4yuo46,rQQgejQgtheEwqMBT,JmgdhSKRPPxDKvprr,2021-05-07T20:45:07Z,21,female,english,true,,,,,,bachelor,yes,yes,agree,yes- accept on the main prolific screen the hourly rate seems to be going down every so often,yes,no,too much time
Gm4qdyQGJ8Gtsxk9Q,iXBZR58GszGxcMCtC,JmgdhSKRPPxDKvprr,2021-05-07T20:45:21Z,30,female,,true,,,,,,lessHighSchool,yes,yes,stronglyAgree,yes,"yes, very",during the instructions the page flashed or refreshed. I'm not sure how to describe it.,yes
9MJLiogN564cfKexL,TFvBbKSS8eN9KxxHD,JmgdhSKRPPxDKvprr,2021-05-07T20:46:43Z,36,Male,English,true,,,,,,bachelor,yes,yes,stronglyAgree,The task took longer than predicted.,Yes,The task ran smoothly other than taking longer than predicted. I enjoyed participating in your study - thank you. Good luck with your research.,Yes
7JZLTWZL86kwmfq7S,fnpWjeJ5eoBme4DLX,JmgdhSKRPPxDKvprr,2021-05-07T20:47:31Z,49,Male,English,true,,,,,,highSchool,yes,yes,stronglyAgree,"Not particularly. The study took a lot longer than expected. It was interesting and good fun, though.",Yes.,It was probably by design but it may have been better if we could have changed our choice before submitting whilst we were listener.,Yes
58uNcB78LA63TZEig,3p9zEkQucFzLRSmSN,4tr7Qqex9u9SjERvu,2021-05-07T22:42:15Z,33,female,English,,true,,,,,master,yes,yes,stronglyAgree,yes,yes,no,"yes, too much actually"
FYbk7RHNn8Tfmg7we,Te4R4ixjCDin7oeHS,4tr7Qqex9u9SjERvu,2021-05-07T22:43:55Z,43,male,English,true,,,,,,bachelor,yes,yes,agree,yes,"yes, but had to click each time to get focus","generally felt like humans, especially when follow up questions asked,  but some speakers used identical language in different rounds",yes
kQss73SdK5HCFv5Ng,4i47mQtM48dX6Ziyu,4tr7Qqex9u9SjERvu,2021-05-07T22:43:58Z,27,Female,English,,true,,,,,master,yes,yes,stronglyAgree,Yes,"Yes, it was easy to use; audio notification of new messages was helpful",,"Yes, partners were good at communicating descriptions so we had plenty of time each round"
Q7ZqnbMfp3KF2sh77,jGii63xiwYAacAkJr,W94zr8dsYY9gcoGuw,2021-05-07T22:44:51Z,31,Male,English,true,,,,,,bachelor,yes,yes,stronglyAgree,Yes,Yes,That was kinda fun,More than enough time
qhsf9s4ANs6HExmeF,zCQGq3Px67ikyCHnZ,W94zr8dsYY9gcoGuw,2021-05-07T22:45:13Z,18,female,english,true,,,,,,lessHighSchool,yes,yes,stronglyAgree,Yes,Yes,"No, no issues, I had fun and my teammates were great! Quickly learned how to communicate the photos with key words.",Yes
si7hK8eRjudubmFTD,BRNwrLuZNMyLRApXu,W94zr8dsYY9gcoGuw,2021-05-07T22:45:35Z,33,female,English,true,,,,,,bachelor,yes,yes,stronglyAgree,"yes, really fair",yes really easy ,"no, really good study to see how people communicate effectively",more than enough time
Kw2wvCQAQAY9sD5Kd,8eddCHkoXbSGveee2,Z5PZxGQ8zz6YHb3Ni,2021-05-07T23:02:26Z,30,Male,English,,true,,,,,bachelor,yes,yes,stronglyAgree,Yes,"Yes, I just had to remember to click on the box after each round refreshed ",No,Yes
WKwkFsngLGd5nR8PK,efpJoLoWCR9vepFGS,Z5PZxGQ8zz6YHb3Ni,2021-05-07T23:02:54Z,51,male,english,true,,,,,,someCollege,yes,yes,stronglyAgree,"took longer than the 50 minutes descibed ,but all good",it was v good,no,yes - plenty
pWcchsJEmWou3kybj,SZdQWfBJgKFoxRies,Z5PZxGQ8zz6YHb3Ni,2021-05-07T23:05:19Z,42,male,English,true,,,,,,bachelor,yes,yes,stronglyAgree,Yes as it encouraged you to work as a team as your pay was in some rounds linked to how much effort you went to in order to help your team mates.,Yes. We even had a little chat at the end to say well done to each other!,No problems. Really enjoyed the study. I noticed the team i was on got better quickly and before long had developed little pet names for each picture to make it easier for each other. I guess that was possibly what the study was all about!,Yes.
XdyJ3fb2hstbotgWN,gpHcgtiWZ4yyMWCHY,pAaZt2Cv9MEFRCAY5,2021-05-08T00:10:14Z,19,Male,,,,,,,,,,,,,,,
kjG5v965RN3GZGBpL,PTgQgdtPBpeZAgKSJ,pAaZt2Cv9MEFRCAY5,2021-05-08T00:10:42Z,22,Female,English,,,true,,,,bachelor,yes,yes,stronglyAgree,yes,yes,"no, it was super fun and i miss my partners already",yes
NvZSEHjFeT5R2zCqJ,9mSYH8ydChYf35e2C,pAaZt2Cv9MEFRCAY5,2021-05-08T00:10:44Z,43,Male,English,true,,,,,,master,yes,yes,stronglyAgree,yes.,yes.,no,yes.
ga9wMBBjMn34JixJR,nxqKjc7pHLrY5WfQ4,pAaZt2Cv9MEFRCAY5,2021-05-08T00:12:12Z,26,Male,English (United States),,,true,,,true,someCollege,yes,yes,agree,Yes,"Yes, in fact I found it much easier than most other programs due to its simplicity",None,Plenty of time
Zd4gpsSqYA5sodcHW,JZaLQa7iPemTRbX7r,ogPZPPCKpGn4votMa,2021-05-08T00:15:33Z,,,,,,,,,,,,,,,,,
L7BKW2CxJefWhQ9EW,Y3ATEvaw2Ex9TyTaM,ogPZPPCKpGn4votMa,2021-05-08T00:15:46Z,20,Female,English,true,,,,,,someCollege,yes,yes,stronglyAgree,yes,yes,no,yes
jSYXe2LBmuegga7DN,aTGuHMqQLmcnEx3KE,ogPZPPCKpGn4votMa,2021-05-08T00:16:14Z,19,Female,English,true,,,,,,someCollege,yes,yes,agree,Yes,Yes,No,Yes
gQuYTy88qfbgKpsMF,fLSfDEdkLomjBKJ4E,ogPZPPCKpGn4votMa,2021-05-08T00:16:47Z,18,Male,English,true,,,,,,someCollege,yes,yes,agree,Very fair,"Yes, I think anyone could handle them.",None,More than enough
7QX9ach2rWSGdtzZp,wzhhQtjp6x8rGAv7f,LfuChcnEB54q8Ztys,2021-05-08T00:18:38Z,20,Female,English,,,true,,,,someCollege,yes,yes,stronglyAgree,The pay was definitely fair.,It was easy.,No.,Yes.
5zPhyAnyJoSuWFCYo,Hy3Ns8dTnNNFyByPq,LfuChcnEB54q8Ztys,2021-05-08T00:18:39Z,24,Male,English,true,,,,,,bachelor,,yes,stronglyAgree,Yes,Yes,Nope,Yes
gZWrz9SLmLex5zCMf,tdJMBevkwaPaQKjM6,LfuChcnEB54q8Ztys,2021-05-08T00:18:49Z,31,male,english,true,,,,,,bachelor,yes,yes,stronglyAgree,yes,yes,no,yes
gNhKYMxYPbZXiLc78,Dr6TQXga6KydoDzMN,LfuChcnEB54q8Ztys,2021-05-08T00:18:54Z,32,Female,English,true,,,,,,bachelor,yes,yes,agree,Yes,Yes,No,Yes
y4wn3TQf6cATEHmpy,YisDn9qApPgZZysmj,Sjf5nadz9keqBvs24,2021-05-08T00:20:11Z,26,Male,English,true,,,,,,bachelor,yes,yes,stronglyAgree,Yes,Yes,No,Yes
HS5Tcg73koPYAGPYj,yfs6nLKcp7Y5rodRa,Sjf5nadz9keqBvs24,2021-05-08T00:20:34Z,24,Female,English,true,,,,,,someCollege,yes,yes,stronglyAgree,Yes,"Yes, I liked that it played a sound when we received a message.","No, this was extremely fun to participate in!",Yes
mS8Dhva8H3Wc3sXuW,gnxtfvsi22jSQDpbi,Sjf5nadz9keqBvs24,2021-05-08T00:21:07Z,39,Male,English,true,,,,,,highSchool,yes,yes,stronglyAgree,Yes was great fun and the time passed so fast!!! Stay safe everyone and have a great weekend!,Brilliant and so easy,"Not at all, thank you once again I enjoyed it.","Yes, plenty"
7Bu75HHMCEbjdhaAc,xcjfXmiPdus699r6v,Sjf5nadz9keqBvs24,2021-05-08T00:21:25Z,37,Female,English,true,,,,,,bachelor,yes,yes,stronglyAgree,"Yes, it does seem fair. ","Yes, it was quite easy to use. ",I found it really striking how we essentially agreed on words for descriptions as a group even if they would have meant little to another person who hadn't played with us. ,"Yes, it was plenty"
CggAZoRsTxSuThXst,S2FEoRWc2m9QDnjtr,aJmxCcm4qPQKzrTZA,2021-05-08T00:44:33Z,33,Male,English,true,,,,,,highSchool,yes,yes,stronglyAgree,Yes,Very easy,,More than enough. TOO much time
zMC5BtxsYQT46q7PX,azqn8fB45HJpjaCMw,aJmxCcm4qPQKzrTZA,2021-05-08T00:44:58Z,52,male,English,true,,,,,,bachelor,yes,yes,stronglyAgree,"Yes, but you probably should have given a better time estimate. 70 x 3 minutes is 210 minutes. It gets faster, but I can't see people finishing that in less than an hour.",yes,"no issues technically, everything worked well",yes
NKfZmbeXMKj3N8kgy,EmgSocMvhQLaaApoe,aJmxCcm4qPQKzrTZA,2021-05-08T00:45:07Z,50,Male,English,true,,,,,,highSchool,yes,yes,agree,"Yes, the pay is fair","Yes, very easy to use","No problems, good study","Yes, plenty of time to make a decision"
pH8cE9N3AByePZEpM,tSSE6WrrX5B6873NB,aJmxCcm4qPQKzrTZA,2021-05-08T00:45:11Z,37,Female,English,,true,,,,,bachelor,yes,no,agree,"No, it was longer than an hour.","Yes, it was.","No,  it all went well.",I had more than enough time. It could have been shorter. 
5eeGmPp8un9MMKgHu,ePuHpSEgEgZdLy5Hp,LzNv7CD7gRuxpk7cQ,2021-05-10T22:08:24Z,22,female,english,true,,,,,,bachelor,yes,yes,stronglyAgree,yes,yes,no,yes
4KzeZgWeZD4f3rKEC,5beKfX6iGcYFWgGg5,LzNv7CD7gRuxpk7cQ,2021-05-10T22:08:38Z,65,male,English,true,,,,,,master,yes,yes,agree,yes,Yes,None,Yes
J5rEocka3mQ7FdRpb,MrNX5Si499ovSY845,LzNv7CD7gRuxpk7cQ,2021-05-10T22:09:18Z,57,female,English,true,,,,,,bachelor,yes,yes,stronglyAgree,We developed a language to identify each shape with. Once we came up with a common language it was easy.,Yes,No problems but it was very interesting to learn to become familiar with the shapes with the two other players.,Yes
aGLZWF3FGoyNr9DvJ,WWzv3PkoH7JzhnWSZ,qww2u9HuGk9nxnxyx,2021-05-10T22:10:49Z,31,man,English,true,,,,,,bachelor,yes,yes,stronglyAgree,Yes,Yes,No,Yes
xFw6NiQtnTyTEnwGX,FLJkaQs3Frxy3ZY4S,qww2u9HuGk9nxnxyx,2021-05-10T22:11:09Z,40,Female,English,true,,,,,,bachelor,yes,yes,stronglyAgree,yeah I think so!,yes,,definitely - we developed our own nicknames for the pictures so it got quicker and quicker!
WYJhYCMgyD3MxXMsQ,6cyx36tsM6HLyZDRs,qww2u9HuGk9nxnxyx,2021-05-10T22:11:15Z,27,Male,English,true,,,,,,bachelor,yes,yes,stronglyAgree,yes i do with the bonus.,yes very easy,no,more then enough
Qdgrauh8BF3ycKPz6,o5NNjh7fTJTsdaz6A,6AQrTPfrDNXC2H4wD,2021-05-10T22:13:37Z,41,Male,English,true,,,,,,someCollege,yes,yes,stronglyAgree,"Yes, it's fine","Yes, worked perfectly","Nope, it went smoothly, thanks!","Yes, plenty of time"
HSFPkDyaiZskeneaZ,24tCoyX5RpNjS2qWD,6AQrTPfrDNXC2H4wD,2021-05-10T22:13:47Z,41,Female,English,true,,,,,,bachelor,yes,yes,stronglyAgree,"Yes, this was fun!","Yes, it worked well",No,"Yes, more than enough time, even on the first round."
4YQQrqbAgjSqq4qvH,faazMWGBB5FbpcYAT,omQAFChFFHAuAbPT3,2021-05-10T22:13:51Z,57,Male,English,true,,,,,,highSchool,yes,yes,agree,Yes,Yes,No,Too much time
DgmqPHGnavdGGWwJ4,8Acd6hqZ2rvX76GFo,omQAFChFFHAuAbPT3,2021-05-10T22:14:00Z,31,Male,English,true,,,,,,master,yes,no,agree,"Yes, I think so. ",Very easy,No problems. ,More than enough time
cnccY9K8TxKq9gmJM,GT3oEBtgrN342i2eN,omQAFChFFHAuAbPT3,2021-05-10T22:15:16Z,24,Male,English,true,,,,,,someCollege,yes,yes,stronglyAgree,"Yes although I noticed that sometimes even when both selected the correct answer, it would display 1/2 correct and only awared 1 bonus","Yes, but did require you to click on each round","Wasn't obvious enough when you became speaker. As per above sometimes even when the player icons both selected the correct image, the text would say 1/2 correct and only award 1 bonus",Yes ample amounts of time
H9rNuboJaZ55vbs3v,jEdbGHPjh3TzMqGRt,6AQrTPfrDNXC2H4wD,2021-05-10T22:17:42Z,30,Female,English,true,,,,,,bachelor,yes,yes,stronglyAgree,"It was like playing a game and legitimately fun, so I think the pay was more than fair!","Very easy.  I kind of wish there were a few more seconds to comment after the selections were chosen, but since that's not really relevant to choosing an image, I can see why there's no need for that.","This was probably the most fun I've had doing a study on Prolific, and I kind of wish I could've chatted with my teammates more.  I really liked how we quickly got on the same page and were able to communicate efficiently, and I felt a sense of comraderie with them even though we didn't say anything outside of describing the images.\nThank you very much for the opportunity to participate, and good luck on your research!  I'm really curious about the results.","Yes, we never came close to using all three minutes."
C7XDyvMkz29sfjuit,juW4jvRxSzBrxXbQ8,K3MLgpK29uppByXck,2021-05-10T22:18:23Z,38,female,english,true,,,,,,master,yes,yes,stronglyAgree,yes,yes,no,yes
gA2DAoHSNy8kvWdMN,DcQ3dXpA6KuFubkF7,K3MLgpK29uppByXck,2021-05-10T22:18:26Z,35,male,english,true,,,,,,highSchool,yes,yes,agree,sure,very easy,all good,more than enough
994xG5PHPGCgWk7Kz,KLcMgJarxueJhFHBX,K3MLgpK29uppByXck,2021-05-10T22:18:43Z,21,male,english,true,,,,,,someCollege,yes,yes,agree,"bit dull, took a while but other people made it okay. (however i ern minium wage so always need more money)",yes,no,yes
xoBppS5ygSeBRMeKg,cCaqHAJgfqZ88NdrE,9tbE2wzCfNxiDgdrw,2021-05-10T22:20:48Z,49,male,English,true,,,,,,someCollege,yes,yes,agree,Yes,Yes,No,Yes
w8sYrYj4KgRLSrDs7,Nx2Nq79hdTAzn9m3z,9tbE2wzCfNxiDgdrw,2021-05-10T22:21:14Z,34,Female,English,true,,,,,,bachelor,yes,yes,stronglyAgree,"Yes, although the task went longer than expected","Yes, very",No. Good luck with your research :),Yes
3SawvAnT8s8bitvQb,99HYx5hDLimtwzFC6,9tbE2wzCfNxiDgdrw,2021-05-10T22:22:24Z,22,Male,English,true,,,,,,someCollege,yes,yes,agree,It feels fair to me.,It was very easy to use.,No problems at all.,A good amount of time. Only came close to running out once.
F6Z6NiMMw49rfudoK,XKj9paMFKssSSkYba,6TPknLpCmx5X9X572,2021-05-10T22:29:42Z,43,Male,English,true,,,,,,someCollege,yes,yes,stronglyAgree,It was ok I guess.,Yes,No,Yes
TcBSdBq3MKQQhXug3,QdpCSDuYmuT3niXiK,6TPknLpCmx5X9X572,2021-05-10T22:31:32Z,30,Male,English,true,,,,,,bachelor,yes,yes,agree,"Well it took a lot longer than advertised I feel. I don't know what pay is exactly fair though by the rules, so I can't say anything much beyond that. It was fun though!",Very easy.,"Maybe I did misread one part of the instructions, but I thought that users weren't meant to be able to type until the speaker had.  But overall it worked wonderfully and was good fun.",I feel like we had too much time.
FTSnbgHjin5EAwGan,F9kEcQThAXthqo9or,6TPknLpCmx5X9X572,2021-05-10T22:33:27Z,23,Female,English,,,true,,,,bachelor,yes,yes,stronglyAgree,"Yes, though I feel like the first speaker should get a bit of a boost in payment when both get it right as they have to describe things before getting to know the other people, so can't capitalize on nicknames others have made. Might be biased though as I was the first speaker, so found it challenging to describe things as the first one. ","Yes, very responsive too!","It was a ton of fun! Time flew by and I enjoyed playing with the strangers I was paired up with - made a bunch of nicknames and everyone was super friendly + encouraging.\n\nGood luck with your research, seems like a very interesting subject and I'd love to learn more about it! :)","Plenty of time, especially in the later rounds."
3hDPKDTHFW338LPyT,j67KLee6anwGdrknf,hMz8DqzakdbiAGAcW,2021-05-10T22:34:22Z,36,female,English,true,,,,,,bachelor,yes,yes,stronglyAgree,yes,yes,no,yes
3m7uBCocj64CnvG2W,oZvh8wdMTksHDrSCh,hMz8DqzakdbiAGAcW,2021-05-10T22:34:35Z,33,Male,English,true,,,,,,bachelor,yes,yes,stronglyAgree,It was fair enough,"Yes, very easy to communicate",None,Yes
wJFdGgSLLnkeHWwTX,QnrnKk6hSxPDqaPut,hMz8DqzakdbiAGAcW,2021-05-10T22:35:09Z,23,Male,English,true,,,,,,bachelor,yes,yes,agree,"Yes, but depends on how fast the groups work, as some may work much quicker and get paid the same as a group who took much longer.",yes,no,"yes, maybe too much"
5wRYa7YjKQxDcNHzz,WAwff96mhMioc4nyq,XaFXu2fMDCNxi6nXq,2021-05-10T22:37:35Z,35,Male,English,,true,,,,,someCollege,yes,yes,agree,Yes the pay was fair,Aside from having to click on the chatbox every round it was fine,no. no problems or comments,Yes we had enough time
sZRpwS7k9FsScYDEw,zMymfmegcRZkWfPtZ,XaFXu2fMDCNxi6nXq,2021-05-10T22:37:49Z,38,Male,English,true,,,,false,,master,yes,yes,agree,Yes,Very easy,,"Yes, perhaps a minute too long"
EB2SLdZRhSDYF2ms3,7iBCuozbbkezZXahK,XaFXu2fMDCNxi6nXq,2021-05-10T22:38:13Z,45,male,english,true,,,,,,highSchool,yes,yes,stronglyAgree,yes it was very fair,yes it was easy to use,no everything worked good for me,plenty of time actually to much time
tGn5WDqPcJJ7vHbsK,629mtmajvT87Dj6TX,HzMWt9PN89uNHBpS8,2021-05-10T22:48:36Z,39,Male,English,,true,,,,,bachelor,yes,yes,stronglyAgree,Yes I do.,Yes ,No,Yes
Zo4a3dixrY4dnFkjz,iSQtrthHsMeJvts6s,HzMWt9PN89uNHBpS8,2021-05-10T22:48:50Z,40,female,English,true,,,,,,bachelor,yes,yes,stronglyAgree,yes,yes,No problems. It was a lot of fun!,yes
DXFhbWymYE2wbJz3z,55rev8uSGneaTh75R,HzMWt9PN89uNHBpS8,2021-05-10T22:49:45Z,52,Female,English,true,,,,,,highSchool,yes,yes,agree,No survey toke longer than expected,yes ,interesting ,yes
iPmz83t6Z6XPn4sLT,GZh7aAvHM3rAtA2Hk,TZ9ci9hD9LaYzHaJY,2021-05-10T23:16:57Z,55,male,english,true,,,,,,bachelor,yes,no,agree,it was way longer than I expected,yes,no,yes
ecC3A9DzerdrGsmSw,v9D9KjKswZQuyss9A,TZ9ci9hD9LaYzHaJY,2021-05-10T23:17:10Z,43,Male,English,,,true,,,,master,yes,yes,stronglyAgree,yes,it was easy to use,no issue at all,yes enough time
k53GdaPiSe8XydwzS,yszfBdDaFb2xZH5aW,TZ9ci9hD9LaYzHaJY,2021-05-10T23:17:47Z,38,female,English,true,,,,,,bachelor,,no,neutral,yes,yes,It was too long,yes
vi6Hc9aQjkw9hXuPt,Kzhdqc62M5vtN2q4e,Ja6HX8DgvFAspRAYm,2021-05-11T00:18:21Z,29,female,english,true,,,,,,someCollege,yes,yes,stronglyAgree,yes,yes,no,yes
JnN7hzzDnRdPBBN5W,QnqvYmzn62jtaac7w,Ja6HX8DgvFAspRAYm,2021-05-11T00:19:01Z,23,Male,English,,true,true,,,,someCollege,yes,yes,stronglyAgree,Yes,Yes,No problems,"Yes, more than enough"
JZGWRPibZJptZCdH6,jMYJS2ANLmjazynqc,pR4tb8CtSgCLLcMQY,2021-05-11T00:20:51Z,55,F,English,true,,,,,,someCollege,yes,yes,stronglyAgree,Yes. Thank you.,Yes.,No.,Yes.
MAmfkXBE3cwQam6n4,zzGaoZ3hK2qpc5XR6,pR4tb8CtSgCLLcMQY,2021-05-11T00:22:17Z,29,male,English,true,,,,,,bachelor,yes,yes,agree,Yes,Yes,"This was one of the best studies I've participated in, would love to do more like this!","Yes, plenty to spare"
BYuTaafx73jYKRYtn,b6WTJQoLvhx9dhQWk,79swBZFsJnrQuHvhd,2021-05-11T00:29:17Z,44,male,english,true,,,,,,someCollege,yes,yes,stronglyAgree,yes,yes,no,yes
YbcdLB246p7KfdcCy,wQmTAXk3WXqT2b275,79swBZFsJnrQuHvhd,2021-05-11T00:29:49Z,53,Male,English,true,,,,,,bachelor,yes,yes,stronglyAgree,Yes,Very easy,It was fun.,"Yes, plenty of time."
QujZsTLXWYjtpxHz2,7R6jKabotwJFLSyNW,YyAyuHf7S76wsbCA6,2021-05-11T00:30:29Z,33,Female,English,true,,true,,,true,master,yes,yes,stronglyAgree,"I think that the pay should've been equal, with the speaker winning the same amount of points as the listener rather than an average.",Yes.,"No, I neither saw nor experienced any problems.  I have no other comments right now, thanks.",Yes.
rwqJQj9sSxP67w8kP,fAMhn4Ein8YivGti7,YyAyuHf7S76wsbCA6,2021-05-11T00:30:51Z,39,female,english,true,,,,,,master,yes,yes,stronglyAgree,I think the pay could have been better for spending so much time for this ,yes. but i also wish the mouse cursor automatically went to the text box when it refreshed. I had to click to go to the chat box every time,"in the intital page of the study while answering the questions for the game, the page kept refreshing and kept removing my answers,. I had to reenter the answers about 3 times.","yes, the time was sufficient"
6jp792wTHK2bqDqwx,sRndTvhfyBR67QCdv,YLCrDGMMiennGjggY,2021-05-11T00:33:22Z,,male,english,true,,,,,,someCollege,yes,yes,stronglyAgree,yes,yes,no,yes
qhhqzhvgWrfJuquEZ,9KnsNqjRjt4q7CtbN,YLCrDGMMiennGjggY,2021-05-11T00:33:37Z,22,male,Polish,true,,,,,,someCollege,yes,yes,agree,Yes,Very easy,No,Yes
DPxEvSDXyCpKDHDR3,CWk6Fmq7GL3ktEozG,3A9hhryuHHeDQhoGy,2021-05-11T00:43:41Z,72,M,English,true,,,,,,master,,no,agree,Yes,Yes,No,Yes
bWQa5Hh9K3Xv4jQ8t,FqnLSC6GxDNz6hS73,3A9hhryuHHeDQhoGy,2021-05-11T00:44:19Z,20,Female,English,,true,,,,,highSchool,yes,no,agree,yes,yes it was,no,yes I had more than enough time to assess and select or describe
YybMP8bMC7GtgKHpa,AsnekdTpMSmufQLkR,yYtSpzsEi4mnTuPrj,2021-05-11T01:49:34Z,27,Female,English,true,,,,,,highSchool,yes,yes,stronglyAgree,Yes.,Yes.,No.,Yes.
j3oPAGJHj3H8NnWwb,hY28gtQhhvyFvpihB,yYtSpzsEi4mnTuPrj,2021-05-11T01:49:48Z,44,Female,English,true,,,,,,someCollege,yes,yes,agree,Sure ,yes,no,yes
d6WkpSeD92iSHyRAD,Za93y7uusM9q8x2fY,yYtSpzsEi4mnTuPrj,2021-05-11T01:50:30Z,22,Male,English,,,true,,,,someCollege,yes,yes,stronglyAgree,Yes ,Yes very easy,"On a few occasions it said 2/3 listeners selected correctly, but the icons for all 3 listeners were on the same correct shape, so I'm not sure if that was a bug or some other issue.",Yes more than enough time
25CNAtD3HkzLYHphG,jEJ4n5fT9uRd4QYkA,yYtSpzsEi4mnTuPrj,2021-05-11T01:50:47Z,32,Female,English,true,,,,,,lessHighSchool,yes,yes,stronglyAgree,Yes,Yes,"No problems, I had SO MUCH FUN. It was nice describing these things and whittling the objects down to one-word things. It felt like I have an inside joke with 3 other people. ",Yes
ZTPCLqcD73wT63GcB,4ou5aRsXYjJ6b4e7A,hhTtzgf2BMCbDwG5i,2021-05-11T01:58:59Z,22,male,english,,,true,,,,bachelor,yes,yes,stronglyAgree,Definitely.,Very easy to use.,Occasionally it would say that only 2/3 listeners got the right answer but it would show all three icons in the correct square (this was when I was the speaker),A bit too much time if anything.
H6MjqkxdjN8j37hhi,DdGLXDbFtj5DMqy6C,hhTtzgf2BMCbDwG5i,2021-05-11T01:59:28Z,33,male,english,true,,,,,,bachelor,yes,yes,stronglyAgree,"It wasn't unfair, but could have been a touch higher for how involved the game was with four different people","yes, worked fine, would have been interesting to be able to see if someone was typing",no,yes
wWzoonrt9S2hpvbfy,Bsi92GnvwSEqfAZxN,hhTtzgf2BMCbDwG5i,2021-05-11T01:59:35Z,27,female,English,true,,,,,,highSchool,yes,yes,stronglyAgree,yes.,yes. I actually like how we could communicate if we had questions about something.,No. Every thing worked.,"Yes, more then enough time"
S5H89PRawAGCzN6qQ,CYJgWvH9gDvTupk6Y,hhTtzgf2BMCbDwG5i,2021-05-11T01:59:38Z,36,Female,English,true,,,,,,someCollege,yes,yes,stronglyAgree,Yes.,Yes very. ,No problems. This has been a fun study. Thank you. ,Yes. 
J5dnj8wESrgbZhr2b,Bi3FCtgbeStyivGCw,HneJtaCiAJZ3wSMtR,2021-05-11T02:10:54Z,30,Female,English,true,,,,,,bachelor,yes,yes,agree,Sure,Yes,N/A,Too much time if anything
u7NNRfkJxFbqNh46H,BwTwfm8jxWQwjoghp,HneJtaCiAJZ3wSMtR,2021-05-11T02:10:57Z,49,Female,English,true,,,,,,bachelor,yes,yes,agree,"It was a long study, so I am not sure.",Yes,No,Yes
qmwpfQfu2BEXMCcyN,zfkDAvY8mpzxyfDYN,HneJtaCiAJZ3wSMtR,2021-05-11T02:11:03Z,43,Male,English,true,,,,false,,master,yes,no,agree,"The pay could always be higher, it's a little on the low side.",The chat feature worked well.,It was fun!,"Yes, there was plenty of time in each round to ask questions."
ym6db8nwKearuK3GA,96z2BzXdGDNpPhG46,HneJtaCiAJZ3wSMtR,2021-05-11T02:11:12Z,20,Male,English,true,,,,,true,someCollege,yes,yes,agree,"Fair enough, can't really beg for more from survey sites. ",Yes. The chat resetting after each selection was good to not clutter things and make a new slate. ,No. ,Yes. 
su3AFb89cWHCXTL5W,NTR9zfw5KYayy9sT5,hYBwiiFBSBi9ySwpJ,2021-05-11T02:18:44Z,48,,,true,,,,,,bachelor,yes,yes,agree,yes,"yes ,it was very fast and responsive","no problems at all, thanks for the chance to play",yes definitely
r7R38CQRHRTzgDECP,vvrB7yWYcj3xJt8SA,hYBwiiFBSBi9ySwpJ,2021-05-11T02:19:09Z,58,female,English,,true,,,,,master,yes,yes,agree,Yes,Yes,No problems. I enjoyed the game.,Yes
miGjEpxPiczrH6KtC,tnNKrEsyuarajKSEw,hYBwiiFBSBi9ySwpJ,2021-05-11T02:19:11Z,21,female,english,true,,,,,,bachelor,yes,yes,stronglyAgree,I think the base pay was not fair for an hour,yes,no,yes
F3oXYWzRyCwQTqNZJ,qyMp5qBwkSWmzxaEE,hYBwiiFBSBi9ySwpJ,2021-05-11T02:20:54Z,25,Male,English,,,true,,,,someCollege,yes,yes,neutral,"Yes, I felt that the pay was fair.","Yes, it was very easy to use.","I had an issue on the page where I had to answer questions about the task I was about to participate in. I was answering the questions and then the page blinked for a second and then everything I had filled in was erased. I had to re-enter my answers. But other than that, I didn't have any problems.","Yes, there was enough time."
